<annotation>
	<folder>images</folder>
	<filename>download (2).jpg</filename>
	<path>C:\Users\ASUS\Desktop\training set\images\download (2).jpg</path>
	<source>
		<database>Unknown</database>
	</source>
	<size>
		<width>170</width>
		<height>296</height>
		<depth>3</depth>
	</size>
	<segmented>0</segmented>
	<object>
		<name>pet bottle</name>
		<pose>Unspecified</pose>
		<truncated>0</truncated>
		<difficult>0</difficult>
		<bndbox>
			<xmin>39</xmin>
			<ymin>4</ymin>
			<xmax>123</xmax>
			<ymax>288</ymax>
		</bndbox>
	</object>
</annotation>
