<annotation>
	<folder>images</folder>
	<filename>download (22).jpg</filename>
	<path>C:\Users\ASUS\Desktop\training set\images\download (22).jpg</path>
	<source>
		<database>Unknown</database>
	</source>
	<size>
		<width>206</width>
		<height>245</height>
		<depth>3</depth>
	</size>
	<segmented>0</segmented>
	<object>
		<name>pet bottle</name>
		<pose>Unspecified</pose>
		<truncated>0</truncated>
		<difficult>0</difficult>
		<bndbox>
			<xmin>52</xmin>
			<ymin>60</ymin>
			<xmax>107</xmax>
			<ymax>236</ymax>
		</bndbox>
	</object>
	<object>
		<name>pet bottle</name>
		<pose>Unspecified</pose>
		<truncated>0</truncated>
		<difficult>0</difficult>
		<bndbox>
			<xmin>107</xmin>
			<ymin>3</ymin>
			<xmax>173</xmax>
			<ymax>244</ymax>
		</bndbox>
	</object>
</annotation>
