<annotation>
	<folder>images</folder>
	<filename>download (24).jpg</filename>
	<path>C:\Users\ASUS\Desktop\training set\images\download (24).jpg</path>
	<source>
		<database>Unknown</database>
	</source>
	<size>
		<width>300</width>
		<height>168</height>
		<depth>3</depth>
	</size>
	<segmented>0</segmented>
	<object>
		<name>pet bottle</name>
		<pose>Unspecified</pose>
		<truncated>0</truncated>
		<difficult>0</difficult>
		<bndbox>
			<xmin>169</xmin>
			<ymin>32</ymin>
			<xmax>209</xmax>
			<ymax>157</ymax>
		</bndbox>
	</object>
	<object>
		<name>pet bottle</name>
		<pose>Unspecified</pose>
		<truncated>0</truncated>
		<difficult>0</difficult>
		<bndbox>
			<xmin>207</xmin>
			<ymin>12</ymin>
			<xmax>251</xmax>
			<ymax>158</ymax>
		</bndbox>
	</object>
</annotation>
