<annotation>
	<folder>images</folder>
	<filename>download (19).jpg</filename>
	<path>C:\Users\ASUS\Desktop\training set\images\download (19).jpg</path>
	<source>
		<database>Unknown</database>
	</source>
	<size>
		<width>197</width>
		<height>256</height>
		<depth>3</depth>
	</size>
	<segmented>0</segmented>
	<object>
		<name>pet bottle</name>
		<pose>Unspecified</pose>
		<truncated>0</truncated>
		<difficult>0</difficult>
		<bndbox>
			<xmin>64</xmin>
			<ymin>5</ymin>
			<xmax>147</xmax>
			<ymax>253</ymax>
		</bndbox>
	</object>
</annotation>
