<annotation>
	<folder>images</folder>
	<filename>download (23).jpg</filename>
	<path>C:\Users\ASUS\Desktop\training set\images\download (23).jpg</path>
	<source>
		<database>Unknown</database>
	</source>
	<size>
		<width>275</width>
		<height>183</height>
		<depth>3</depth>
	</size>
	<segmented>0</segmented>
	<object>
		<name>pet bottle</name>
		<pose>Unspecified</pose>
		<truncated>0</truncated>
		<difficult>0</difficult>
		<bndbox>
			<xmin>120</xmin>
			<ymin>10</ymin>
			<xmax>167</xmax>
			<ymax>182</ymax>
		</bndbox>
	</object>
</annotation>
