<annotation>
	<folder>images</folder>
	<filename>download (14).jpg</filename>
	<path>C:\Users\ASUS\Desktop\training set\images\download (14).jpg</path>
	<source>
		<database>Unknown</database>
	</source>
	<size>
		<width>193</width>
		<height>262</height>
		<depth>3</depth>
	</size>
	<segmented>0</segmented>
	<object>
		<name>pet bottle</name>
		<pose>Unspecified</pose>
		<truncated>0</truncated>
		<difficult>0</difficult>
		<bndbox>
			<xmin>53</xmin>
			<ymin>6</ymin>
			<xmax>144</xmax>
			<ymax>260</ymax>
		</bndbox>
	</object>
</annotation>
