<annotation>
	<folder>images</folder>
	<filename>download (3).jpg</filename>
	<path>C:\Users\ASUS\Desktop\training set\images\download (3).jpg</path>
	<source>
		<database>Unknown</database>
	</source>
	<size>
		<width>225</width>
		<height>225</height>
		<depth>3</depth>
	</size>
	<segmented>0</segmented>
	<object>
		<name>pet bottle</name>
		<pose>Unspecified</pose>
		<truncated>0</truncated>
		<difficult>0</difficult>
		<bndbox>
			<xmin>11</xmin>
			<ymin>28</ymin>
			<xmax>74</xmax>
			<ymax>218</ymax>
		</bndbox>
	</object>
	<object>
		<name>pet bottle</name>
		<pose>Unspecified</pose>
		<truncated>0</truncated>
		<difficult>0</difficult>
		<bndbox>
			<xmin>76</xmin>
			<ymin>29</ymin>
			<xmax>131</xmax>
			<ymax>218</ymax>
		</bndbox>
	</object>
	<object>
		<name>pet bottle</name>
		<pose>Unspecified</pose>
		<truncated>0</truncated>
		<difficult>0</difficult>
		<bndbox>
			<xmin>134</xmin>
			<ymin>32</ymin>
			<xmax>193</xmax>
			<ymax>221</ymax>
		</bndbox>
	</object>
</annotation>
