<annotation>
	<folder>images</folder>
	<filename>download (30).jpg</filename>
	<path>C:\Users\ASUS\Desktop\training set\images\download (30).jpg</path>
	<source>
		<database>Unknown</database>
	</source>
	<size>
		<width>233</width>
		<height>216</height>
		<depth>3</depth>
	</size>
	<segmented>0</segmented>
	<object>
		<name>pet bottle</name>
		<pose>Unspecified</pose>
		<truncated>0</truncated>
		<difficult>0</difficult>
		<bndbox>
			<xmin>34</xmin>
			<ymin>25</ymin>
			<xmax>91</xmax>
			<ymax>204</ymax>
		</bndbox>
	</object>
	<object>
		<name>pet bottle</name>
		<pose>Unspecified</pose>
		<truncated>0</truncated>
		<difficult>0</difficult>
		<bndbox>
			<xmin>93</xmin>
			<ymin>27</ymin>
			<xmax>140</xmax>
			<ymax>202</ymax>
		</bndbox>
	</object>
	<object>
		<name>pet bottle</name>
		<pose>Unspecified</pose>
		<truncated>0</truncated>
		<difficult>0</difficult>
		<bndbox>
			<xmin>143</xmin>
			<ymin>29</ymin>
			<xmax>191</xmax>
			<ymax>205</ymax>
		</bndbox>
	</object>
</annotation>
