<annotation>
	<folder>images</folder>
	<filename>download (27).jpg</filename>
	<path>C:\Users\ASUS\Desktop\training set\images\download (27).jpg</path>
	<source>
		<database>Unknown</database>
	</source>
	<size>
		<width>251</width>
		<height>201</height>
		<depth>3</depth>
	</size>
	<segmented>0</segmented>
	<object>
		<name>pet bottle</name>
		<pose>Unspecified</pose>
		<truncated>0</truncated>
		<difficult>0</difficult>
		<bndbox>
			<xmin>95</xmin>
			<ymin>6</ymin>
			<xmax>162</xmax>
			<ymax>198</ymax>
		</bndbox>
	</object>
</annotation>
