<annotation>
	<folder>images</folder>
	<filename>download (1).jpg</filename>
	<path>C:\Users\ASUS\Desktop\training set\images\download (1).jpg</path>
	<source>
		<database>Unknown</database>
	</source>
	<size>
		<width>194</width>
		<height>259</height>
		<depth>3</depth>
	</size>
	<segmented>0</segmented>
	<object>
		<name>pet bottle</name>
		<pose>Unspecified</pose>
		<truncated>0</truncated>
		<difficult>0</difficult>
		<bndbox>
			<xmin>63</xmin>
			<ymin>11</ymin>
			<xmax>124</xmax>
			<ymax>217</ymax>
		</bndbox>
	</object>
</annotation>
