<annotation>
	<folder>images</folder>
	<filename>download (10).jpg</filename>
	<path>C:\Users\ASUS\Desktop\training set\images\download (10).jpg</path>
	<source>
		<database>Unknown</database>
	</source>
	<size>
		<width>212</width>
		<height>238</height>
		<depth>3</depth>
	</size>
	<segmented>0</segmented>
	<object>
		<name>pet bottle</name>
		<pose>Unspecified</pose>
		<truncated>0</truncated>
		<difficult>0</difficult>
		<bndbox>
			<xmin>19</xmin>
			<ymin>20</ymin>
			<xmax>77</xmax>
			<ymax>193</ymax>
		</bndbox>
	</object>
	<object>
		<name>pet bottle</name>
		<pose>Unspecified</pose>
		<truncated>0</truncated>
		<difficult>0</difficult>
		<bndbox>
			<xmin>87</xmin>
			<ymin>38</ymin>
			<xmax>139</xmax>
			<ymax>193</ymax>
		</bndbox>
	</object>
	<object>
		<name>pet bottle</name>
		<pose>Unspecified</pose>
		<truncated>0</truncated>
		<difficult>0</difficult>
		<bndbox>
			<xmin>151</xmin>
			<ymin>74</ymin>
			<xmax>195</xmax>
			<ymax>193</ymax>
		</bndbox>
	</object>
</annotation>
