<annotation>
	<folder>images</folder>
	<filename>resize_302.jpeg</filename>
	<path>C:\Users\ASUS\Desktop\JACQS\images\resize_302.jpeg</path>
	<source>
		<database>Unknown</database>
	</source>
	<size>
		<width>410</width>
		<height>308</height>
		<depth>3</depth>
	</size>
	<segmented>0</segmented>
	<object>
		<name>pet bottle</name>
		<pose>Unspecified</pose>
		<truncated>0</truncated>
		<difficult>0</difficult>
		<bndbox>
			<xmin>118</xmin>
			<ymin>114</ymin>
			<xmax>333</xmax>
			<ymax>191</ymax>
		</bndbox>
	</object>
</annotation>
