<annotation>
	<folder>images</folder>
	<filename>image_4.jpg</filename>
	<path>C:\Users\ASUS\Desktop\test train\images\image_4.jpg</path>
	<source>
		<database>Unknown</database>
	</source>
	<size>
		<width>225</width>
		<height>225</height>
		<depth>3</depth>
	</size>
	<segmented>0</segmented>
	<object>
		<name>bottle</name>
		<pose>Unspecified</pose>
		<truncated>1</truncated>
		<difficult>0</difficult>
		<bndbox>
			<xmin>9</xmin>
			<ymin>29</ymin>
			<xmax>72</xmax>
			<ymax>225</ymax>
		</bndbox>
	</object>
	<object>
		<name>bottle</name>
		<pose>Unspecified</pose>
		<truncated>1</truncated>
		<difficult>0</difficult>
		<bndbox>
			<xmin>70</xmin>
			<ymin>28</ymin>
			<xmax>138</xmax>
			<ymax>225</ymax>
		</bndbox>
	</object>
	<object>
		<name>bottle</name>
		<pose>Unspecified</pose>
		<truncated>0</truncated>
		<difficult>0</difficult>
		<bndbox>
			<xmin>131</xmin>
			<ymin>29</ymin>
			<xmax>197</xmax>
			<ymax>221</ymax>
		</bndbox>
	</object>
</annotation>
