<annotation>
	<folder>images</folder>
	<filename>image_7.jpg</filename>
	<path>C:\Users\ASUS\Desktop\test train\images\image_7.jpg</path>
	<source>
		<database>Unknown</database>
	</source>
	<size>
		<width>201</width>
		<height>251</height>
		<depth>3</depth>
	</size>
	<segmented>0</segmented>
	<object>
		<name>bottle</name>
		<pose>Unspecified</pose>
		<truncated>0</truncated>
		<difficult>0</difficult>
		<bndbox>
			<xmin>19</xmin>
			<ymin>30</ymin>
			<xmax>91</xmax>
			<ymax>243</ymax>
		</bndbox>
	</object>
	<object>
		<name>bottle</name>
		<pose>Unspecified</pose>
		<truncated>0</truncated>
		<difficult>0</difficult>
		<bndbox>
			<xmin>110</xmin>
			<ymin>13</ymin>
			<xmax>177</xmax>
			<ymax>239</ymax>
		</bndbox>
	</object>
</annotation>
