<annotation>
	<folder>images</folder>
	<filename>image_11.jpg</filename>
	<path>C:\Users\ASUS\Desktop\test train\images\image_11.jpg</path>
	<source>
		<database>Unknown</database>
	</source>
	<size>
		<width>212</width>
		<height>238</height>
		<depth>3</depth>
	</size>
	<segmented>0</segmented>
	<object>
		<name>bottle</name>
		<pose>Unspecified</pose>
		<truncated>0</truncated>
		<difficult>0</difficult>
		<bndbox>
			<xmin>22</xmin>
			<ymin>15</ymin>
			<xmax>79</xmax>
			<ymax>193</ymax>
		</bndbox>
	</object>
	<object>
		<name>bottle</name>
		<pose>Unspecified</pose>
		<truncated>0</truncated>
		<difficult>0</difficult>
		<bndbox>
			<xmin>83</xmin>
			<ymin>38</ymin>
			<xmax>143</xmax>
			<ymax>195</ymax>
		</bndbox>
	</object>
	<object>
		<name>bottle</name>
		<pose>Unspecified</pose>
		<truncated>0</truncated>
		<difficult>0</difficult>
		<bndbox>
			<xmin>148</xmin>
			<ymin>73</ymin>
			<xmax>197</xmax>
			<ymax>195</ymax>
		</bndbox>
	</object>
</annotation>
