<annotation>
	<folder>images</folder>
	<filename>image_1.jpg</filename>
	<path>C:\Users\ASUS\Desktop\test train\images\image_1.jpg</path>
	<source>
		<database>Unknown</database>
	</source>
	<size>
		<width>225</width>
		<height>225</height>
		<depth>3</depth>
	</size>
	<segmented>0</segmented>
	<object>
		<name>bottle</name>
		<pose>Unspecified</pose>
		<truncated>0</truncated>
		<difficult>0</difficult>
		<bndbox>
			<xmin>81</xmin>
			<ymin>3</ymin>
			<xmax>157</xmax>
			<ymax>197</ymax>
		</bndbox>
	</object>
</annotation>
