<annotation>
	<folder>images</folder>
	<filename>image_3.jpg</filename>
	<path>C:\Users\ASUS\Desktop\test train\images\image_3.jpg</path>
	<source>
		<database>Unknown</database>
	</source>
	<size>
		<width>170</width>
		<height>296</height>
		<depth>3</depth>
	</size>
	<segmented>0</segmented>
	<object>
		<name>bottle</name>
		<pose>Unspecified</pose>
		<truncated>0</truncated>
		<difficult>0</difficult>
		<bndbox>
			<xmin>44</xmin>
			<ymin>4</ymin>
			<xmax>130</xmax>
			<ymax>289</ymax>
		</bndbox>
	</object>
</annotation>
