<annotation>
	<folder>images</folder>
	<filename>image_9.jpg</filename>
	<path>C:\Users\ASUS\Desktop\test train\images\image_9.jpg</path>
	<source>
		<database>Unknown</database>
	</source>
	<size>
		<width>323</width>
		<height>156</height>
		<depth>3</depth>
	</size>
	<segmented>0</segmented>
	<object>
		<name>bottle</name>
		<pose>Unspecified</pose>
		<truncated>0</truncated>
		<difficult>0</difficult>
		<bndbox>
			<xmin>146</xmin>
			<ymin>5</ymin>
			<xmax>305</xmax>
			<ymax>73</ymax>
		</bndbox>
	</object>
</annotation>
