<annotation>
	<folder>images</folder>
	<filename>image_8.jpg</filename>
	<path>C:\Users\ASUS\Desktop\test train\images\image_8.jpg</path>
	<source>
		<database>Unknown</database>
	</source>
	<size>
		<width>348</width>
		<height>145</height>
		<depth>3</depth>
	</size>
	<segmented>0</segmented>
	<object>
		<name>bottle</name>
		<pose>Unspecified</pose>
		<truncated>0</truncated>
		<difficult>0</difficult>
		<bndbox>
			<xmin>8</xmin>
			<ymin>7</ymin>
			<xmax>46</xmax>
			<ymax>132</ymax>
		</bndbox>
	</object>
	<object>
		<name>bottle</name>
		<pose>Unspecified</pose>
		<truncated>0</truncated>
		<difficult>0</difficult>
		<bndbox>
			<xmin>50</xmin>
			<ymin>7</ymin>
			<xmax>94</xmax>
			<ymax>133</ymax>
		</bndbox>
	</object>
	<object>
		<name>bottle</name>
		<pose>Unspecified</pose>
		<truncated>0</truncated>
		<difficult>0</difficult>
		<bndbox>
			<xmin>94</xmin>
			<ymin>10</ymin>
			<xmax>146</xmax>
			<ymax>131</ymax>
		</bndbox>
	</object>
	<object>
		<name>bottle</name>
		<pose>Unspecified</pose>
		<truncated>0</truncated>
		<difficult>0</difficult>
		<bndbox>
			<xmin>132</xmin>
			<ymin>12</ymin>
			<xmax>190</xmax>
			<ymax>128</ymax>
		</bndbox>
	</object>
	<object>
		<name>bottle</name>
		<pose>Unspecified</pose>
		<truncated>0</truncated>
		<difficult>0</difficult>
		<bndbox>
			<xmin>186</xmin>
			<ymin>5</ymin>
			<xmax>234</xmax>
			<ymax>133</ymax>
		</bndbox>
	</object>
	<object>
		<name>bottle</name>
		<pose>Unspecified</pose>
		<truncated>0</truncated>
		<difficult>0</difficult>
		<bndbox>
			<xmin>236</xmin>
			<ymin>7</ymin>
			<xmax>283</xmax>
			<ymax>131</ymax>
		</bndbox>
	</object>
	<object>
		<name>bottle</name>
		<pose>Unspecified</pose>
		<truncated>0</truncated>
		<difficult>0</difficult>
		<bndbox>
			<xmin>284</xmin>
			<ymin>5</ymin>
			<xmax>338</xmax>
			<ymax>129</ymax>
		</bndbox>
	</object>
</annotation>
