<annotation>
	<folder>images</folder>
	<filename>image_6.jpg</filename>
	<path>C:\Users\ASUS\Desktop\test train\images\image_6.jpg</path>
	<source>
		<database>Unknown</database>
	</source>
	<size>
		<width>279</width>
		<height>180</height>
		<depth>3</depth>
	</size>
	<segmented>0</segmented>
	<object>
		<name>bottle</name>
		<pose>Unspecified</pose>
		<truncated>0</truncated>
		<difficult>0</difficult>
		<bndbox>
			<xmin>70</xmin>
			<ymin>9</ymin>
			<xmax>133</xmax>
			<ymax>165</ymax>
		</bndbox>
	</object>
	<object>
		<name>bottle</name>
		<pose>Unspecified</pose>
		<truncated>0</truncated>
		<difficult>0</difficult>
		<bndbox>
			<xmin>154</xmin>
			<ymin>6</ymin>
			<xmax>211</xmax>
			<ymax>166</ymax>
		</bndbox>
	</object>
</annotation>
