<annotation>
	<folder>images</folder>
	<filename>image_2.jpg</filename>
	<path>C:\Users\ASUS\Desktop\test train\images\image_2.jpg</path>
	<source>
		<database>Unknown</database>
	</source>
	<size>
		<width>194</width>
		<height>259</height>
		<depth>3</depth>
	</size>
	<segmented>0</segmented>
	<object>
		<name>bottle</name>
		<pose>Unspecified</pose>
		<truncated>0</truncated>
		<difficult>0</difficult>
		<bndbox>
			<xmin>61</xmin>
			<ymin>11</ymin>
			<xmax>130</xmax>
			<ymax>219</ymax>
		</bndbox>
	</object>
</annotation>
