<annotation>
	<folder>images</folder>
	<filename>download (37).jpg</filename>
	<path>C:\Users\ASUS\Desktop\training set\images\download (37).jpg</path>
	<source>
		<database>Unknown</database>
	</source>
	<size>
		<width>235</width>
		<height>214</height>
		<depth>3</depth>
	</size>
	<segmented>0</segmented>
	<object>
		<name>pet bottle</name>
		<pose>Unspecified</pose>
		<truncated>1</truncated>
		<difficult>0</difficult>
		<bndbox>
			<xmin>1</xmin>
			<ymin>13</ymin>
			<xmax>65</xmax>
			<ymax>211</ymax>
		</bndbox>
	</object>
	<object>
		<name>pet bottle</name>
		<pose>Unspecified</pose>
		<truncated>1</truncated>
		<difficult>0</difficult>
		<bndbox>
			<xmin>47</xmin>
			<ymin>93</ymin>
			<xmax>86</xmax>
			<ymax>214</ymax>
		</bndbox>
	</object>
	<object>
		<name>pet bottle</name>
		<pose>Unspecified</pose>
		<truncated>0</truncated>
		<difficult>0</difficult>
		<bndbox>
			<xmin>101</xmin>
			<ymin>71</ymin>
			<xmax>153</xmax>
			<ymax>208</ymax>
		</bndbox>
	</object>
	<object>
		<name>pet bottle</name>
		<pose>Unspecified</pose>
		<truncated>0</truncated>
		<difficult>0</difficult>
		<bndbox>
			<xmin>162</xmin>
			<ymin>66</ymin>
			<xmax>208</xmax>
			<ymax>208</ymax>
		</bndbox>
	</object>
</annotation>
