<annotation>
	<folder>images</folder>
	<filename>download (44).jpg</filename>
	<path>C:\Users\ASUS\Desktop\training set\images\download (44).jpg</path>
	<source>
		<database>Unknown</database>
	</source>
	<size>
		<width>201</width>
		<height>251</height>
		<depth>3</depth>
	</size>
	<segmented>0</segmented>
	<object>
		<name>pet bottle</name>
		<pose>Unspecified</pose>
		<truncated>1</truncated>
		<difficult>0</difficult>
		<bndbox>
			<xmin>62</xmin>
			<ymin>7</ymin>
			<xmax>141</xmax>
			<ymax>251</ymax>
		</bndbox>
	</object>
</annotation>
