<annotation>
	<folder>images</folder>
	<filename>download (22).jpg</filename>
	<path>C:\Users\ASUS\Desktop\training set\images\download (22).jpg</path>
	<source>
		<database>Unknown</database>
	</source>
	<size>
		<width>206</width>
		<height>245</height>
		<depth>3</depth>
	</size>
	<segmented>0</segmented>
	<object>
		<name>pet bottle</name>
		<pose>Unspecified</pose>
		<truncated>0</truncated>
		<difficult>0</difficult>
		<bndbox>
			<xmin>48</xmin>
			<ymin>57</ymin>
			<xmax>110</xmax>
			<ymax>238</ymax>
		</bndbox>
	</object>
	<object>
		<name>pet bottle</name>
		<pose>Unspecified</pose>
		<truncated>1</truncated>
		<difficult>0</difficult>
		<bndbox>
			<xmin>99</xmin>
			<ymin>3</ymin>
			<xmax>176</xmax>
			<ymax>245</ymax>
		</bndbox>
	</object>
</annotation>
