<annotation>
	<folder>images</folder>
	<filename>download (42).jpg</filename>
	<path>C:\Users\ASUS\Desktop\training set\images\download (42).jpg</path>
	<source>
		<database>Unknown</database>
	</source>
	<size>
		<width>189</width>
		<height>266</height>
		<depth>3</depth>
	</size>
	<segmented>0</segmented>
	<object>
		<name>pet bottle</name>
		<pose>Unspecified</pose>
		<truncated>0</truncated>
		<difficult>0</difficult>
		<bndbox>
			<xmin>52</xmin>
			<ymin>12</ymin>
			<xmax>136</xmax>
			<ymax>259</ymax>
		</bndbox>
	</object>
</annotation>
