<annotation>
	<folder>images</folder>
	<filename>download (30).jpg</filename>
	<path>C:\Users\ASUS\Desktop\training set\images\download (30).jpg</path>
	<source>
		<database>Unknown</database>
	</source>
	<size>
		<width>233</width>
		<height>216</height>
		<depth>3</depth>
	</size>
	<segmented>0</segmented>
	<object>
		<name>pet bottle</name>
		<pose>Unspecified</pose>
		<truncated>0</truncated>
		<difficult>0</difficult>
		<bndbox>
			<xmin>37</xmin>
			<ymin>20</ymin>
			<xmax>93</xmax>
			<ymax>210</ymax>
		</bndbox>
	</object>
	<object>
		<name>pet bottle</name>
		<pose>Unspecified</pose>
		<truncated>0</truncated>
		<difficult>0</difficult>
		<bndbox>
			<xmin>87</xmin>
			<ymin>19</ymin>
			<xmax>144</xmax>
			<ymax>207</ymax>
		</bndbox>
	</object>
	<object>
		<name>pet bottle</name>
		<pose>Unspecified</pose>
		<truncated>0</truncated>
		<difficult>0</difficult>
		<bndbox>
			<xmin>138</xmin>
			<ymin>20</ymin>
			<xmax>190</xmax>
			<ymax>205</ymax>
		</bndbox>
	</object>
</annotation>
