<annotation>
	<folder>images</folder>
	<filename>download (35).jpg</filename>
	<path>C:\Users\ASUS\Desktop\training set\images\download (35).jpg</path>
	<source>
		<database>Unknown</database>
	</source>
	<size>
		<width>275</width>
		<height>183</height>
		<depth>3</depth>
	</size>
	<segmented>0</segmented>
	<object>
		<name>pet bottle</name>
		<pose>Unspecified</pose>
		<truncated>0</truncated>
		<difficult>0</difficult>
		<bndbox>
			<xmin>65</xmin>
			<ymin>54</ymin>
			<xmax>110</xmax>
			<ymax>172</ymax>
		</bndbox>
	</object>
	<object>
		<name>pet bottle</name>
		<pose>Unspecified</pose>
		<truncated>0</truncated>
		<difficult>0</difficult>
		<bndbox>
			<xmin>107</xmin>
			<ymin>8</ymin>
			<xmax>157</xmax>
			<ymax>173</ymax>
		</bndbox>
	</object>
	<object>
		<name>pet bottle</name>
		<pose>Unspecified</pose>
		<truncated>0</truncated>
		<difficult>0</difficult>
		<bndbox>
			<xmin>156</xmin>
			<ymin>40</ymin>
			<xmax>203</xmax>
			<ymax>169</ymax>
		</bndbox>
	</object>
</annotation>
