<annotation>
	<folder>images</folder>
	<filename>download (43).jpg</filename>
	<path>C:\Users\ASUS\Desktop\training set\images\download (43).jpg</path>
	<source>
		<database>Unknown</database>
	</source>
	<size>
		<width>192</width>
		<height>262</height>
		<depth>3</depth>
	</size>
	<segmented>0</segmented>
	<object>
		<name>pet bottle</name>
		<pose>Unspecified</pose>
		<truncated>0</truncated>
		<difficult>0</difficult>
		<bndbox>
			<xmin>11</xmin>
			<ymin>15</ymin>
			<xmax>74</xmax>
			<ymax>242</ymax>
		</bndbox>
	</object>
	<object>
		<name>pet bottle</name>
		<pose>Unspecified</pose>
		<truncated>0</truncated>
		<difficult>0</difficult>
		<bndbox>
			<xmin>67</xmin>
			<ymin>8</ymin>
			<xmax>130</xmax>
			<ymax>246</ymax>
		</bndbox>
	</object>
	<object>
		<name>pet bottle</name>
		<pose>Unspecified</pose>
		<truncated>0</truncated>
		<difficult>0</difficult>
		<bndbox>
			<xmin>123</xmin>
			<ymin>9</ymin>
			<xmax>185</xmax>
			<ymax>247</ymax>
		</bndbox>
	</object>
</annotation>
