<annotation>
	<folder>images</folder>
	<filename>download (5).jpg</filename>
	<path>C:\Users\ASUS\Desktop\training set\images\download (5).jpg</path>
	<source>
		<database>Unknown</database>
	</source>
	<size>
		<width>279</width>
		<height>180</height>
		<depth>3</depth>
	</size>
	<segmented>0</segmented>
	<object>
		<name>pet bottle</name>
		<pose>Unspecified</pose>
		<truncated>0</truncated>
		<difficult>0</difficult>
		<bndbox>
			<xmin>71</xmin>
			<ymin>7</ymin>
			<xmax>130</xmax>
			<ymax>174</ymax>
		</bndbox>
	</object>
	<object>
		<name>pet bottle</name>
		<pose>Unspecified</pose>
		<truncated>0</truncated>
		<difficult>0</difficult>
		<bndbox>
			<xmin>149</xmin>
			<ymin>7</ymin>
			<xmax>208</xmax>
			<ymax>171</ymax>
		</bndbox>
	</object>
</annotation>
