<annotation>
	<folder>images</folder>
	<filename>download (25).jpg</filename>
	<path>C:\Users\ASUS\Desktop\training set\images\download (25).jpg</path>
	<source>
		<database>Unknown</database>
	</source>
	<size>
		<width>79</width>
		<height>245</height>
		<depth>3</depth>
	</size>
	<segmented>0</segmented>
	<object>
		<name>pet bottle</name>
		<pose>Unspecified</pose>
		<truncated>1</truncated>
		<difficult>0</difficult>
		<bndbox>
			<xmin>1</xmin>
			<ymin>1</ymin>
			<xmax>76</xmax>
			<ymax>245</ymax>
		</bndbox>
	</object>
</annotation>
