<annotation>
	<folder>images</folder>
	<filename>download (11).jpg</filename>
	<path>C:\Users\ASUS\Desktop\training set\images\download (11).jpg</path>
	<source>
		<database>Unknown</database>
	</source>
	<size>
		<width>275</width>
		<height>183</height>
		<depth>3</depth>
	</size>
	<segmented>0</segmented>
	<object>
		<name>pet bottle</name>
		<pose>Unspecified</pose>
		<truncated>0</truncated>
		<difficult>0</difficult>
		<bndbox>
			<xmin>6</xmin>
			<ymin>59</ymin>
			<xmax>36</xmax>
			<ymax>170</ymax>
		</bndbox>
	</object>
	<object>
		<name>pet bottle</name>
		<pose>Unspecified</pose>
		<truncated>0</truncated>
		<difficult>0</difficult>
		<bndbox>
			<xmin>31</xmin>
			<ymin>47</ymin>
			<xmax>61</xmax>
			<ymax>171</ymax>
		</bndbox>
	</object>
	<object>
		<name>pet bottle</name>
		<pose>Unspecified</pose>
		<truncated>0</truncated>
		<difficult>0</difficult>
		<bndbox>
			<xmin>58</xmin>
			<ymin>44</ymin>
			<xmax>89</xmax>
			<ymax>175</ymax>
		</bndbox>
	</object>
	<object>
		<name>pet bottle</name>
		<pose>Unspecified</pose>
		<truncated>0</truncated>
		<difficult>0</difficult>
		<bndbox>
			<xmin>82</xmin>
			<ymin>34</ymin>
			<xmax>119</xmax>
			<ymax>177</ymax>
		</bndbox>
	</object>
	<object>
		<name>pet bottle</name>
		<pose>Unspecified</pose>
		<truncated>0</truncated>
		<difficult>0</difficult>
		<bndbox>
			<xmin>110</xmin>
			<ymin>16</ymin>
			<xmax>159</xmax>
			<ymax>181</ymax>
		</bndbox>
	</object>
	<object>
		<name>pet bottle</name>
		<pose>Unspecified</pose>
		<truncated>0</truncated>
		<difficult>0</difficult>
		<bndbox>
			<xmin>151</xmin>
			<ymin>16</ymin>
			<xmax>191</xmax>
			<ymax>176</ymax>
		</bndbox>
	</object>
	<object>
		<name>pet bottle</name>
		<pose>Unspecified</pose>
		<truncated>0</truncated>
		<difficult>0</difficult>
		<bndbox>
			<xmin>187</xmin>
			<ymin>60</ymin>
			<xmax>218</xmax>
			<ymax>175</ymax>
		</bndbox>
	</object>
	<object>
		<name>pet bottle</name>
		<pose>Unspecified</pose>
		<truncated>0</truncated>
		<difficult>0</difficult>
		<bndbox>
			<xmin>214</xmin>
			<ymin>49</ymin>
			<xmax>247</xmax>
			<ymax>174</ymax>
		</bndbox>
	</object>
	<object>
		<name>pet bottle</name>
		<pose>Unspecified</pose>
		<truncated>0</truncated>
		<difficult>0</difficult>
		<bndbox>
			<xmin>240</xmin>
			<ymin>61</ymin>
			<xmax>272</xmax>
			<ymax>175</ymax>
		</bndbox>
	</object>
</annotation>
