<annotation>
	<folder>images</folder>
	<filename>download (6).jpg</filename>
	<path>C:\Users\ASUS\Desktop\training set\images\download (6).jpg</path>
	<source>
		<database>Unknown</database>
	</source>
	<size>
		<width>201</width>
		<height>251</height>
		<depth>3</depth>
	</size>
	<segmented>0</segmented>
	<object>
		<name>pet bottle</name>
		<pose>Unspecified</pose>
		<truncated>0</truncated>
		<difficult>0</difficult>
		<bndbox>
			<xmin>20</xmin>
			<ymin>43</ymin>
			<xmax>90</xmax>
			<ymax>240</ymax>
		</bndbox>
	</object>
	<object>
		<name>pet bottle</name>
		<pose>Unspecified</pose>
		<truncated>0</truncated>
		<difficult>0</difficult>
		<bndbox>
			<xmin>101</xmin>
			<ymin>17</ymin>
			<xmax>181</xmax>
			<ymax>243</ymax>
		</bndbox>
	</object>
</annotation>
