<annotation>
	<folder>images</folder>
	<filename>download (8).jpg</filename>
	<path>C:\Users\ASUS\Desktop\training set\images\download (8).jpg</path>
	<source>
		<database>Unknown</database>
	</source>
	<size>
		<width>323</width>
		<height>156</height>
		<depth>3</depth>
	</size>
	<segmented>0</segmented>
	<object>
		<name>pet bottle</name>
		<pose>Unspecified</pose>
		<truncated>0</truncated>
		<difficult>0</difficult>
		<bndbox>
			<xmin>134</xmin>
			<ymin>5</ymin>
			<xmax>304</xmax>
			<ymax>71</ymax>
		</bndbox>
	</object>
</annotation>
