<annotation>
	<folder>images</folder>
	<filename>download (33).jpg</filename>
	<path>C:\Users\ASUS\Desktop\training set\images\download (33).jpg</path>
	<source>
		<database>Unknown</database>
	</source>
	<size>
		<width>259</width>
		<height>194</height>
		<depth>3</depth>
	</size>
	<segmented>0</segmented>
	<object>
		<name>pet bottle</name>
		<pose>Unspecified</pose>
		<truncated>0</truncated>
		<difficult>0</difficult>
		<bndbox>
			<xmin>58</xmin>
			<ymin>59</ymin>
			<xmax>100</xmax>
			<ymax>190</ymax>
		</bndbox>
	</object>
	<object>
		<name>pet bottle</name>
		<pose>Unspecified</pose>
		<truncated>0</truncated>
		<difficult>0</difficult>
		<bndbox>
			<xmin>95</xmin>
			<ymin>38</ymin>
			<xmax>139</xmax>
			<ymax>185</ymax>
		</bndbox>
	</object>
	<object>
		<name>pet bottle</name>
		<pose>Unspecified</pose>
		<truncated>0</truncated>
		<difficult>0</difficult>
		<bndbox>
			<xmin>136</xmin>
			<ymin>13</ymin>
			<xmax>192</xmax>
			<ymax>186</ymax>
		</bndbox>
	</object>
</annotation>
