<annotation>
	<folder>images</folder>
	<filename>download (29).jpg</filename>
	<path>C:\Users\ASUS\Desktop\training set\images\download (29).jpg</path>
	<source>
		<database>Unknown</database>
	</source>
	<size>
		<width>241</width>
		<height>209</height>
		<depth>3</depth>
	</size>
	<segmented>0</segmented>
	<object>
		<name>pet bottle</name>
		<pose>Unspecified</pose>
		<truncated>0</truncated>
		<difficult>0</difficult>
		<bndbox>
			<xmin>21</xmin>
			<ymin>11</ymin>
			<xmax>85</xmax>
			<ymax>197</ymax>
		</bndbox>
	</object>
	<object>
		<name>pet bottle</name>
		<pose>Unspecified</pose>
		<truncated>0</truncated>
		<difficult>0</difficult>
		<bndbox>
			<xmin>92</xmin>
			<ymin>11</ymin>
			<xmax>150</xmax>
			<ymax>200</ymax>
		</bndbox>
	</object>
	<object>
		<name>pet bottle</name>
		<pose>Unspecified</pose>
		<truncated>0</truncated>
		<difficult>0</difficult>
		<bndbox>
			<xmin>154</xmin>
			<ymin>11</ymin>
			<xmax>221</xmax>
			<ymax>198</ymax>
		</bndbox>
	</object>
</annotation>
