<annotation>
	<folder>images</folder>
	<filename>download (7).jpg</filename>
	<path>C:\Users\ASUS\Desktop\training set\images\download (7).jpg</path>
	<source>
		<database>Unknown</database>
	</source>
	<size>
		<width>348</width>
		<height>145</height>
		<depth>3</depth>
	</size>
	<segmented>0</segmented>
	<object>
		<name>pet bottle</name>
		<pose>Unspecified</pose>
		<truncated>0</truncated>
		<difficult>0</difficult>
		<bndbox>
			<xmin>3</xmin>
			<ymin>9</ymin>
			<xmax>51</xmax>
			<ymax>134</ymax>
		</bndbox>
	</object>
	<object>
		<name>pet bottle</name>
		<pose>Unspecified</pose>
		<truncated>0</truncated>
		<difficult>0</difficult>
		<bndbox>
			<xmin>46</xmin>
			<ymin>4</ymin>
			<xmax>98</xmax>
			<ymax>138</ymax>
		</bndbox>
	</object>
	<object>
		<name>pet bottle</name>
		<pose>Unspecified</pose>
		<truncated>0</truncated>
		<difficult>0</difficult>
		<bndbox>
			<xmin>98</xmin>
			<ymin>8</ymin>
			<xmax>141</xmax>
			<ymax>136</ymax>
		</bndbox>
	</object>
	<object>
		<name>pet bottle</name>
		<pose>Unspecified</pose>
		<truncated>0</truncated>
		<difficult>0</difficult>
		<bndbox>
			<xmin>140</xmin>
			<ymin>11</ymin>
			<xmax>188</xmax>
			<ymax>138</ymax>
		</bndbox>
	</object>
	<object>
		<name>pet bottle</name>
		<pose>Unspecified</pose>
		<truncated>0</truncated>
		<difficult>0</difficult>
		<bndbox>
			<xmin>189</xmin>
			<ymin>11</ymin>
			<xmax>237</xmax>
			<ymax>138</ymax>
		</bndbox>
	</object>
	<object>
		<name>pet bottle</name>
		<pose>Unspecified</pose>
		<truncated>0</truncated>
		<difficult>0</difficult>
		<bndbox>
			<xmin>237</xmin>
			<ymin>11</ymin>
			<xmax>285</xmax>
			<ymax>138</ymax>
		</bndbox>
	</object>
	<object>
		<name>pet bottle</name>
		<pose>Unspecified</pose>
		<truncated>0</truncated>
		<difficult>0</difficult>
		<bndbox>
			<xmin>283</xmin>
			<ymin>9</ymin>
			<xmax>336</xmax>
			<ymax>136</ymax>
		</bndbox>
	</object>
</annotation>
