<annotation>
	<folder>images</folder>
	<filename>download.jpg</filename>
	<path>C:\Users\ASUS\Desktop\training set\images\download.jpg</path>
	<source>
		<database>Unknown</database>
	</source>
	<size>
		<width>83</width>
		<height>234</height>
		<depth>3</depth>
	</size>
	<segmented>0</segmented>
	<object>
		<name>pet bottle</name>
		<pose>Unspecified</pose>
		<truncated>0</truncated>
		<difficult>0</difficult>
		<bndbox>
			<xmin>3</xmin>
			<ymin>2</ymin>
			<xmax>76</xmax>
			<ymax>230</ymax>
		</bndbox>
	</object>
</annotation>
