<annotation>
	<folder>images</folder>
	<filename>download (31).jpg</filename>
	<path>C:\Users\ASUS\Desktop\training set\images\download (31).jpg</path>
	<source>
		<database>Unknown</database>
	</source>
	<size>
		<width>232</width>
		<height>217</height>
		<depth>3</depth>
	</size>
	<segmented>0</segmented>
	<object>
		<name>pet bottle</name>
		<pose>Unspecified</pose>
		<truncated>0</truncated>
		<difficult>0</difficult>
		<bndbox>
			<xmin>15</xmin>
			<ymin>25</ymin>
			<xmax>61</xmax>
			<ymax>195</ymax>
		</bndbox>
	</object>
	<object>
		<name>pet bottle</name>
		<pose>Unspecified</pose>
		<truncated>0</truncated>
		<difficult>0</difficult>
		<bndbox>
			<xmin>49</xmin>
			<ymin>21</ymin>
			<xmax>93</xmax>
			<ymax>194</ymax>
		</bndbox>
	</object>
	<object>
		<name>pet bottle</name>
		<pose>Unspecified</pose>
		<truncated>0</truncated>
		<difficult>0</difficult>
		<bndbox>
			<xmin>85</xmin>
			<ymin>4</ymin>
			<xmax>144</xmax>
			<ymax>202</ymax>
		</bndbox>
	</object>
	<object>
		<name>pet bottle</name>
		<pose>Unspecified</pose>
		<truncated>0</truncated>
		<difficult>0</difficult>
		<bndbox>
			<xmin>132</xmin>
			<ymin>14</ymin>
			<xmax>179</xmax>
			<ymax>200</ymax>
		</bndbox>
	</object>
	<object>
		<name>pet bottle</name>
		<pose>Unspecified</pose>
		<truncated>0</truncated>
		<difficult>0</difficult>
		<bndbox>
			<xmin>168</xmin>
			<ymin>28</ymin>
			<xmax>213</xmax>
			<ymax>191</ymax>
		</bndbox>
	</object>
</annotation>
