<annotation>
	<folder>images</folder>
	<filename>download (10).jpg</filename>
	<path>C:\Users\ASUS\Desktop\training set\images\download (10).jpg</path>
	<source>
		<database>Unknown</database>
	</source>
	<size>
		<width>212</width>
		<height>238</height>
		<depth>3</depth>
	</size>
	<segmented>0</segmented>
	<object>
		<name>pet bottle</name>
		<pose>Unspecified</pose>
		<truncated>0</truncated>
		<difficult>0</difficult>
		<bndbox>
			<xmin>22</xmin>
			<ymin>20</ymin>
			<xmax>75</xmax>
			<ymax>192</ymax>
		</bndbox>
	</object>
	<object>
		<name>pet bottle</name>
		<pose>Unspecified</pose>
		<truncated>0</truncated>
		<difficult>0</difficult>
		<bndbox>
			<xmin>87</xmin>
			<ymin>43</ymin>
			<xmax>138</xmax>
			<ymax>191</ymax>
		</bndbox>
	</object>
	<object>
		<name>pet bottle</name>
		<pose>Unspecified</pose>
		<truncated>0</truncated>
		<difficult>0</difficult>
		<bndbox>
			<xmin>149</xmin>
			<ymin>75</ymin>
			<xmax>195</xmax>
			<ymax>193</ymax>
		</bndbox>
	</object>
</annotation>
