<annotation>
	<folder>images</folder>
	<filename>download (47).jpg</filename>
	<path>C:\Users\ASUS\Desktop\training set\images\download (47).jpg</path>
	<source>
		<database>Unknown</database>
	</source>
	<size>
		<width>218</width>
		<height>231</height>
		<depth>3</depth>
	</size>
	<segmented>0</segmented>
	<object>
		<name>pet bottle</name>
		<pose>Unspecified</pose>
		<truncated>0</truncated>
		<difficult>0</difficult>
		<bndbox>
			<xmin>81</xmin>
			<ymin>33</ymin>
			<xmax>144</xmax>
			<ymax>212</ymax>
		</bndbox>
	</object>
</annotation>
