<annotation>
	<folder>images</folder>
	<filename>download (36).jpg</filename>
	<path>C:\Users\ASUS\Desktop\training set\images\download (36).jpg</path>
	<source>
		<database>Unknown</database>
	</source>
	<size>
		<width>227</width>
		<height>222</height>
		<depth>3</depth>
	</size>
	<segmented>0</segmented>
	<object>
		<name>pet bottle</name>
		<pose>Unspecified</pose>
		<truncated>0</truncated>
		<difficult>0</difficult>
		<bndbox>
			<xmin>35</xmin>
			<ymin>54</ymin>
			<xmax>83</xmax>
			<ymax>206</ymax>
		</bndbox>
	</object>
	<object>
		<name>pet bottle</name>
		<pose>Unspecified</pose>
		<truncated>0</truncated>
		<difficult>0</difficult>
		<bndbox>
			<xmin>81</xmin>
			<ymin>29</ymin>
			<xmax>137</xmax>
			<ymax>201</ymax>
		</bndbox>
	</object>
	<object>
		<name>pet bottle</name>
		<pose>Unspecified</pose>
		<truncated>0</truncated>
		<difficult>0</difficult>
		<bndbox>
			<xmin>131</xmin>
			<ymin>2</ymin>
			<xmax>201</xmax>
			<ymax>203</ymax>
		</bndbox>
	</object>
</annotation>
