<annotation>
	<folder>images</folder>
	<filename>download (40).jpg</filename>
	<path>C:\Users\ASUS\Desktop\training set\images\download (40).jpg</path>
	<source>
		<database>Unknown</database>
	</source>
	<size>
		<width>183</width>
		<height>275</height>
		<depth>3</depth>
	</size>
	<segmented>0</segmented>
	<object>
		<name>pet bottle</name>
		<pose>Unspecified</pose>
		<truncated>0</truncated>
		<difficult>0</difficult>
		<bndbox>
			<xmin>48</xmin>
			<ymin>14</ymin>
			<xmax>131</xmax>
			<ymax>270</ymax>
		</bndbox>
	</object>
</annotation>
