<annotation>
	<folder>images</folder>
	<filename>download (15).jpg</filename>
	<path>C:\Users\ASUS\Desktop\training set\images\download (15).jpg</path>
	<source>
		<database>Unknown</database>
	</source>
	<size>
		<width>275</width>
		<height>183</height>
		<depth>3</depth>
	</size>
	<segmented>0</segmented>
	<object>
		<name>pet bottle</name>
		<pose>Unspecified</pose>
		<truncated>1</truncated>
		<difficult>0</difficult>
		<bndbox>
			<xmin>38</xmin>
			<ymin>2</ymin>
			<xmax>103</xmax>
			<ymax>183</ymax>
		</bndbox>
	</object>
	<object>
		<name>pet bottle</name>
		<pose>Unspecified</pose>
		<truncated>1</truncated>
		<difficult>0</difficult>
		<bndbox>
			<xmin>178</xmin>
			<ymin>1</ymin>
			<xmax>239</xmax>
			<ymax>182</ymax>
		</bndbox>
	</object>
</annotation>
