<annotation>
	<folder>images</folder>
	<filename>download (27).jpg</filename>
	<path>C:\Users\ASUS\Desktop\training set\images\download (27).jpg</path>
	<source>
		<database>Unknown</database>
	</source>
	<size>
		<width>251</width>
		<height>201</height>
		<depth>3</depth>
	</size>
	<segmented>0</segmented>
	<object>
		<name>pet bottle</name>
		<pose>Unspecified</pose>
		<truncated>1</truncated>
		<difficult>0</difficult>
		<bndbox>
			<xmin>98</xmin>
			<ymin>3</ymin>
			<xmax>157</xmax>
			<ymax>201</ymax>
		</bndbox>
	</object>
</annotation>
