<annotation>
	<folder>images</folder>
	<filename>fey.jpg</filename>
	<path>C:\Users\ASUS\Desktop\training set\images\fey.jpg</path>
	<source>
		<database>Unknown</database>
	</source>
	<size>
		<width>173</width>
		<height>291</height>
		<depth>3</depth>
	</size>
	<segmented>0</segmented>
	<object>
		<name>pet bottle</name>
		<pose>Unspecified</pose>
		<truncated>0</truncated>
		<difficult>0</difficult>
		<bndbox>
			<xmin>46</xmin>
			<ymin>7</ymin>
			<xmax>118</xmax>
			<ymax>257</ymax>
		</bndbox>
	</object>
</annotation>
