<annotation>
	<folder>images</folder>
	<filename>h.jpg</filename>
	<path>C:\Users\ASUS\Desktop\training set\images\h.jpg</path>
	<source>
		<database>Unknown</database>
	</source>
	<size>
		<width>95</width>
		<height>204</height>
		<depth>3</depth>
	</size>
	<segmented>0</segmented>
	<object>
		<name>pet bottle</name>
		<pose>Unspecified</pose>
		<truncated>0</truncated>
		<difficult>0</difficult>
		<bndbox>
			<xmin>13</xmin>
			<ymin>3</ymin>
			<xmax>79</xmax>
			<ymax>200</ymax>
		</bndbox>
	</object>
</annotation>
