<annotation>
	<folder>images</folder>
	<filename>images - 2020-01-13T023827.843.jpg</filename>
	<path>C:\Users\ASUS\Desktop\training set\images\images - 2020-01-13T023827.843.jpg</path>
	<source>
		<database>Unknown</database>
	</source>
	<size>
		<width>216</width>
		<height>233</height>
		<depth>3</depth>
	</size>
	<segmented>0</segmented>
	<object>
		<name>pet bottle</name>
		<pose>Unspecified</pose>
		<truncated>0</truncated>
		<difficult>0</difficult>
		<bndbox>
			<xmin>76</xmin>
			<ymin>24</ymin>
			<xmax>144</xmax>
			<ymax>191</ymax>
		</bndbox>
	</object>
</annotation>
