<annotation>
	<folder>images</folder>
	<filename>images (27).jpg</filename>
	<path>C:\Users\ASUS\Desktop\training set\images\images (27).jpg</path>
	<source>
		<database>Unknown</database>
	</source>
	<size>
		<width>284</width>
		<height>177</height>
		<depth>3</depth>
	</size>
	<segmented>0</segmented>
	<object>
		<name>pet bottle</name>
		<pose>Unspecified</pose>
		<truncated>1</truncated>
		<difficult>0</difficult>
		<bndbox>
			<xmin>46</xmin>
			<ymin>2</ymin>
			<xmax>95</xmax>
			<ymax>177</ymax>
		</bndbox>
	</object>
	<object>
		<name>pet bottle</name>
		<pose>Unspecified</pose>
		<truncated>0</truncated>
		<difficult>0</difficult>
		<bndbox>
			<xmin>94</xmin>
			<ymin>12</ymin>
			<xmax>142</xmax>
			<ymax>163</ymax>
		</bndbox>
	</object>
	<object>
		<name>pet bottle</name>
		<pose>Unspecified</pose>
		<truncated>0</truncated>
		<difficult>0</difficult>
		<bndbox>
			<xmin>140</xmin>
			<ymin>11</ymin>
			<xmax>192</xmax>
			<ymax>166</ymax>
		</bndbox>
	</object>
	<object>
		<name>pet bottle</name>
		<pose>Unspecified</pose>
		<truncated>0</truncated>
		<difficult>0</difficult>
		<bndbox>
			<xmin>190</xmin>
			<ymin>23</ymin>
			<xmax>240</xmax>
			<ymax>166</ymax>
		</bndbox>
	</object>
</annotation>
