<annotation>
	<folder>images</folder>
	<filename>images (75).jpg</filename>
	<path>C:\Users\ASUS\Desktop\training set\images\images (75).jpg</path>
	<source>
		<database>Unknown</database>
	</source>
	<size>
		<width>311</width>
		<height>162</height>
		<depth>3</depth>
	</size>
	<segmented>0</segmented>
	<object>
		<name>pet bottle</name>
		<pose>Unspecified</pose>
		<truncated>0</truncated>
		<difficult>0</difficult>
		<bndbox>
			<xmin>132</xmin>
			<ymin>23</ymin>
			<xmax>180</xmax>
			<ymax>146</ymax>
		</bndbox>
	</object>
</annotation>
