<annotation>
	<folder>images</folder>
	<filename>images (41).jpg</filename>
	<path>C:\Users\ASUS\Desktop\training set\images\images (41).jpg</path>
	<source>
		<database>Unknown</database>
	</source>
	<size>
		<width>222</width>
		<height>227</height>
		<depth>3</depth>
	</size>
	<segmented>0</segmented>
	<object>
		<name>pet bottle</name>
		<pose>Unspecified</pose>
		<truncated>0</truncated>
		<difficult>0</difficult>
		<bndbox>
			<xmin>81</xmin>
			<ymin>8</ymin>
			<xmax>141</xmax>
			<ymax>222</ymax>
		</bndbox>
	</object>
	<object>
		<name>pet bottle</name>
		<pose>Unspecified</pose>
		<truncated>0</truncated>
		<difficult>0</difficult>
		<bndbox>
			<xmin>39</xmin>
			<ymin>7</ymin>
			<xmax>94</xmax>
			<ymax>218</ymax>
		</bndbox>
	</object>
	<object>
		<name>pet bottle</name>
		<pose>Unspecified</pose>
		<truncated>0</truncated>
		<difficult>0</difficult>
		<bndbox>
			<xmin>127</xmin>
			<ymin>11</ymin>
			<xmax>190</xmax>
			<ymax>216</ymax>
		</bndbox>
	</object>
</annotation>
