<annotation>
	<folder>images</folder>
	<filename>images - 2020-01-13T023820.792.jpg</filename>
	<path>C:\Users\ASUS\Desktop\training set\images\images - 2020-01-13T023820.792.jpg</path>
	<source>
		<database>Unknown</database>
	</source>
	<size>
		<width>220</width>
		<height>229</height>
		<depth>3</depth>
	</size>
	<segmented>0</segmented>
	<object>
		<name>pet bottle</name>
		<pose>Unspecified</pose>
		<truncated>0</truncated>
		<difficult>0</difficult>
		<bndbox>
			<xmin>24</xmin>
			<ymin>29</ymin>
			<xmax>84</xmax>
			<ymax>215</ymax>
		</bndbox>
	</object>
	<object>
		<name>pet bottle</name>
		<pose>Unspecified</pose>
		<truncated>0</truncated>
		<difficult>0</difficult>
		<bndbox>
			<xmin>82</xmin>
			<ymin>19</ymin>
			<xmax>137</xmax>
			<ymax>216</ymax>
		</bndbox>
	</object>
	<object>
		<name>pet bottle</name>
		<pose>Unspecified</pose>
		<truncated>0</truncated>
		<difficult>0</difficult>
		<bndbox>
			<xmin>136</xmin>
			<ymin>19</ymin>
			<xmax>208</xmax>
			<ymax>210</ymax>
		</bndbox>
	</object>
</annotation>
