<annotation>
	<folder>images</folder>
	<filename>images - 2020-01-13T024037.341.jpg</filename>
	<path>C:\Users\ASUS\Desktop\training set\images\images - 2020-01-13T024037.341.jpg</path>
	<source>
		<database>Unknown</database>
	</source>
	<size>
		<width>212</width>
		<height>237</height>
		<depth>3</depth>
	</size>
	<segmented>0</segmented>
	<object>
		<name>pet bottle</name>
		<pose>Unspecified</pose>
		<truncated>0</truncated>
		<difficult>0</difficult>
		<bndbox>
			<xmin>66</xmin>
			<ymin>40</ymin>
			<xmax>140</xmax>
			<ymax>203</ymax>
		</bndbox>
	</object>
</annotation>
