<annotation>
	<folder>images</folder>
	<filename>images - 2020-01-13T024241.318.jpg</filename>
	<path>C:\Users\ASUS\Desktop\training set\images\images - 2020-01-13T024241.318.jpg</path>
	<source>
		<database>Unknown</database>
	</source>
	<size>
		<width>200</width>
		<height>246</height>
		<depth>3</depth>
	</size>
	<segmented>0</segmented>
	<object>
		<name>pet bottle</name>
		<pose>Unspecified</pose>
		<truncated>1</truncated>
		<difficult>0</difficult>
		<bndbox>
			<xmin>7</xmin>
			<ymin>8</ymin>
			<xmax>73</xmax>
			<ymax>246</ymax>
		</bndbox>
	</object>
	<object>
		<name>pet bottle</name>
		<pose>Unspecified</pose>
		<truncated>1</truncated>
		<difficult>0</difficult>
		<bndbox>
			<xmin>70</xmin>
			<ymin>5</ymin>
			<xmax>129</xmax>
			<ymax>246</ymax>
		</bndbox>
	</object>
	<object>
		<name>pet bottle</name>
		<pose>Unspecified</pose>
		<truncated>0</truncated>
		<difficult>0</difficult>
		<bndbox>
			<xmin>128</xmin>
			<ymin>5</ymin>
			<xmax>191</xmax>
			<ymax>245</ymax>
		</bndbox>
	</object>
</annotation>
