<annotation>
	<folder>images</folder>
	<filename>images (30).jpg</filename>
	<path>C:\Users\ASUS\Desktop\training set\images\images (30).jpg</path>
	<source>
		<database>Unknown</database>
	</source>
	<size>
		<width>300</width>
		<height>168</height>
		<depth>3</depth>
	</size>
	<segmented>0</segmented>
	<object>
		<name>pet bottle</name>
		<pose>Unspecified</pose>
		<truncated>0</truncated>
		<difficult>0</difficult>
		<bndbox>
			<xmin>88</xmin>
			<ymin>3</ymin>
			<xmax>138</xmax>
			<ymax>160</ymax>
		</bndbox>
	</object>
	<object>
		<name>pet bottle</name>
		<pose>Unspecified</pose>
		<truncated>0</truncated>
		<difficult>0</difficult>
		<bndbox>
			<xmin>132</xmin>
			<ymin>10</ymin>
			<xmax>177</xmax>
			<ymax>163</ymax>
		</bndbox>
	</object>
</annotation>
