<annotation>
	<folder>images</folder>
	<filename>images (10).jpg</filename>
	<path>C:\Users\ASUS\Desktop\training set\images\images (10).jpg</path>
	<source>
		<database>Unknown</database>
	</source>
	<size>
		<width>275</width>
		<height>183</height>
		<depth>3</depth>
	</size>
	<segmented>0</segmented>
	<object>
		<name>pet bottle</name>
		<pose>Unspecified</pose>
		<truncated>0</truncated>
		<difficult>0</difficult>
		<bndbox>
			<xmin>58</xmin>
			<ymin>4</ymin>
			<xmax>131</xmax>
			<ymax>176</ymax>
		</bndbox>
	</object>
	<object>
		<name>pet bottle</name>
		<pose>Unspecified</pose>
		<truncated>0</truncated>
		<difficult>0</difficult>
		<bndbox>
			<xmin>165</xmin>
			<ymin>8</ymin>
			<xmax>252</xmax>
			<ymax>177</ymax>
		</bndbox>
	</object>
</annotation>
