<annotation>
	<folder>images</folder>
	<filename>images (43).jpg</filename>
	<path>C:\Users\ASUS\Desktop\training set\images\images (43).jpg</path>
	<source>
		<database>Unknown</database>
	</source>
	<size>
		<width>202</width>
		<height>249</height>
		<depth>3</depth>
	</size>
	<segmented>0</segmented>
	<object>
		<name>pet bottle</name>
		<pose>Unspecified</pose>
		<truncated>0</truncated>
		<difficult>0</difficult>
		<bndbox>
			<xmin>24</xmin>
			<ymin>16</ymin>
			<xmax>83</xmax>
			<ymax>232</ymax>
		</bndbox>
	</object>
	<object>
		<name>pet bottle</name>
		<pose>Unspecified</pose>
		<truncated>0</truncated>
		<difficult>0</difficult>
		<bndbox>
			<xmin>68</xmin>
			<ymin>7</ymin>
			<xmax>134</xmax>
			<ymax>232</ymax>
		</bndbox>
	</object>
	<object>
		<name>pet bottle</name>
		<pose>Unspecified</pose>
		<truncated>0</truncated>
		<difficult>0</difficult>
		<bndbox>
			<xmin>124</xmin>
			<ymin>3</ymin>
			<xmax>184</xmax>
			<ymax>244</ymax>
		</bndbox>
	</object>
</annotation>
