<annotation>
	<folder>images</folder>
	<filename>images - 2020-01-13T023706.960.jpg</filename>
	<path>C:\Users\ASUS\Desktop\training set\images\images - 2020-01-13T023706.960.jpg</path>
	<source>
		<database>Unknown</database>
	</source>
	<size>
		<width>286</width>
		<height>176</height>
		<depth>3</depth>
	</size>
	<segmented>0</segmented>
	<object>
		<name>pet bottle</name>
		<pose>Unspecified</pose>
		<truncated>1</truncated>
		<difficult>0</difficult>
		<bndbox>
			<xmin>109</xmin>
			<ymin>1</ymin>
			<xmax>186</xmax>
			<ymax>176</ymax>
		</bndbox>
	</object>
</annotation>
