<annotation>
	<folder>images</folder>
	<filename>images (65).jpg</filename>
	<path>C:\Users\ASUS\Desktop\training set\images\images (65).jpg</path>
	<source>
		<database>Unknown</database>
	</source>
	<size>
		<width>207</width>
		<height>244</height>
		<depth>3</depth>
	</size>
	<segmented>0</segmented>
	<object>
		<name>pet bottle</name>
		<pose>Unspecified</pose>
		<truncated>1</truncated>
		<difficult>0</difficult>
		<bndbox>
			<xmin>65</xmin>
			<ymin>6</ymin>
			<xmax>146</xmax>
			<ymax>244</ymax>
		</bndbox>
	</object>
</annotation>
