<annotation>
	<folder>images</folder>
	<filename>images (58).jpg</filename>
	<path>C:\Users\ASUS\Desktop\training set\images\images (58).jpg</path>
	<source>
		<database>Unknown</database>
	</source>
	<size>
		<width>173</width>
		<height>292</height>
		<depth>3</depth>
	</size>
	<segmented>0</segmented>
	<object>
		<name>pet bottle</name>
		<pose>Unspecified</pose>
		<truncated>1</truncated>
		<difficult>0</difficult>
		<bndbox>
			<xmin>27</xmin>
			<ymin>1</ymin>
			<xmax>140</xmax>
			<ymax>292</ymax>
		</bndbox>
	</object>
</annotation>
