<annotation>
	<folder>images</folder>
	<filename>images (11).jpg</filename>
	<path>C:\Users\ASUS\Desktop\training set\images\images (11).jpg</path>
	<source>
		<database>Unknown</database>
	</source>
	<size>
		<width>191</width>
		<height>265</height>
		<depth>3</depth>
	</size>
	<segmented>0</segmented>
	<object>
		<name>pet bottle</name>
		<pose>Unspecified</pose>
		<truncated>0</truncated>
		<difficult>0</difficult>
		<bndbox>
			<xmin>36</xmin>
			<ymin>14</ymin>
			<xmax>105</xmax>
			<ymax>221</ymax>
		</bndbox>
	</object>
	<object>
		<name>pet bottle</name>
		<pose>Unspecified</pose>
		<truncated>0</truncated>
		<difficult>0</difficult>
		<bndbox>
			<xmin>94</xmin>
			<ymin>84</ymin>
			<xmax>150</xmax>
			<ymax>223</ymax>
		</bndbox>
	</object>
</annotation>
