<annotation>
	<folder>images</folder>
	<filename>images (6).jpg</filename>
	<path>C:\Users\ASUS\Desktop\training set\images\images (6).jpg</path>
	<source>
		<database>Unknown</database>
	</source>
	<size>
		<width>328</width>
		<height>154</height>
		<depth>3</depth>
	</size>
	<segmented>0</segmented>
	<object>
		<name>pet bottle</name>
		<pose>Unspecified</pose>
		<truncated>0</truncated>
		<difficult>0</difficult>
		<bndbox>
			<xmin>152</xmin>
			<ymin>21</ymin>
			<xmax>185</xmax>
			<ymax>139</ymax>
		</bndbox>
	</object>
	<object>
		<name>pet bottle</name>
		<pose>Unspecified</pose>
		<truncated>0</truncated>
		<difficult>0</difficult>
		<bndbox>
			<xmin>122</xmin>
			<ymin>22</ymin>
			<xmax>156</xmax>
			<ymax>143</ymax>
		</bndbox>
	</object>
	<object>
		<name>pet bottle</name>
		<pose>Unspecified</pose>
		<truncated>0</truncated>
		<difficult>0</difficult>
		<bndbox>
			<xmin>92</xmin>
			<ymin>23</ymin>
			<xmax>128</xmax>
			<ymax>141</ymax>
		</bndbox>
	</object>
	<object>
		<name>pet bottle</name>
		<pose>Unspecified</pose>
		<truncated>0</truncated>
		<difficult>0</difficult>
		<bndbox>
			<xmin>280</xmin>
			<ymin>15</ymin>
			<xmax>327</xmax>
			<ymax>149</ymax>
		</bndbox>
	</object>
	<object>
		<name>pet bottle</name>
		<pose>Unspecified</pose>
		<truncated>1</truncated>
		<difficult>0</difficult>
		<bndbox>
			<xmin>13</xmin>
			<ymin>22</ymin>
			<xmax>64</xmax>
			<ymax>154</ymax>
		</bndbox>
	</object>
</annotation>
