<annotation>
	<folder>images</folder>
	<filename>images (47).jpg</filename>
	<path>C:\Users\ASUS\Desktop\training set\images\images (47).jpg</path>
	<source>
		<database>Unknown</database>
	</source>
	<size>
		<width>225</width>
		<height>225</height>
		<depth>3</depth>
	</size>
	<segmented>0</segmented>
	<object>
		<name>pet bottle</name>
		<pose>Unspecified</pose>
		<truncated>0</truncated>
		<difficult>0</difficult>
		<bndbox>
			<xmin>78</xmin>
			<ymin>7</ymin>
			<xmax>146</xmax>
			<ymax>215</ymax>
		</bndbox>
	</object>
</annotation>
