<annotation>
	<folder>images</folder>
	<filename>images (1).jpg</filename>
	<path>C:\Users\ASUS\Desktop\training set\images\images (1).jpg</path>
	<source>
		<database>Unknown</database>
	</source>
	<size>
		<width>201</width>
		<height>251</height>
		<depth>3</depth>
	</size>
	<segmented>0</segmented>
	<object>
		<name>pet bottle</name>
		<pose>Unspecified</pose>
		<truncated>0</truncated>
		<difficult>0</difficult>
		<bndbox>
			<xmin>17</xmin>
			<ymin>43</ymin>
			<xmax>91</xmax>
			<ymax>242</ymax>
		</bndbox>
	</object>
	<object>
		<name>pet bottle</name>
		<pose>Unspecified</pose>
		<truncated>0</truncated>
		<difficult>0</difficult>
		<bndbox>
			<xmin>97</xmin>
			<ymin>16</ymin>
			<xmax>186</xmax>
			<ymax>244</ymax>
		</bndbox>
	</object>
</annotation>
