<annotation>
	<folder>images</folder>
	<filename>images (37).jpg</filename>
	<path>C:\Users\ASUS\Desktop\training set\images\images (37).jpg</path>
	<source>
		<database>Unknown</database>
	</source>
	<size>
		<width>276</width>
		<height>166</height>
		<depth>3</depth>
	</size>
	<segmented>0</segmented>
	<object>
		<name>pet bottle</name>
		<pose>Unspecified</pose>
		<truncated>1</truncated>
		<difficult>0</difficult>
		<bndbox>
			<xmin>108</xmin>
			<ymin>3</ymin>
			<xmax>173</xmax>
			<ymax>166</ymax>
		</bndbox>
	</object>
</annotation>
