<annotation>
	<folder>images</folder>
	<filename>images - 2020-01-13T023815.978.jpg</filename>
	<path>C:\Users\ASUS\Desktop\training set\images\images - 2020-01-13T023815.978.jpg</path>
	<source>
		<database>Unknown</database>
	</source>
	<size>
		<width>239</width>
		<height>211</height>
		<depth>3</depth>
	</size>
	<segmented>0</segmented>
	<object>
		<name>pet bottle</name>
		<pose>Unspecified</pose>
		<truncated>0</truncated>
		<difficult>0</difficult>
		<bndbox>
			<xmin>15</xmin>
			<ymin>20</ymin>
			<xmax>77</xmax>
			<ymax>200</ymax>
		</bndbox>
	</object>
	<object>
		<name>pet bottle</name>
		<pose>Unspecified</pose>
		<truncated>0</truncated>
		<difficult>0</difficult>
		<bndbox>
			<xmin>160</xmin>
			<ymin>24</ymin>
			<xmax>213</xmax>
			<ymax>207</ymax>
		</bndbox>
	</object>
	<object>
		<name>pet bottle</name>
		<pose>Unspecified</pose>
		<truncated>0</truncated>
		<difficult>0</difficult>
		<bndbox>
			<xmin>71</xmin>
			<ymin>19</ymin>
			<xmax>123</xmax>
			<ymax>196</ymax>
		</bndbox>
	</object>
	<object>
		<name>pet bottle</name>
		<pose>Unspecified</pose>
		<truncated>0</truncated>
		<difficult>0</difficult>
		<bndbox>
			<xmin>118</xmin>
			<ymin>11</ymin>
			<xmax>168</xmax>
			<ymax>199</ymax>
		</bndbox>
	</object>
</annotation>
