<annotation>
	<folder>images</folder>
	<filename>images (66).jpg</filename>
	<path>C:\Users\ASUS\Desktop\training set\images\images (66).jpg</path>
	<source>
		<database>Unknown</database>
	</source>
	<size>
		<width>212</width>
		<height>238</height>
		<depth>3</depth>
	</size>
	<segmented>0</segmented>
	<object>
		<name>pet bottle</name>
		<pose>Unspecified</pose>
		<truncated>0</truncated>
		<difficult>0</difficult>
		<bndbox>
			<xmin>19</xmin>
			<ymin>11</ymin>
			<xmax>77</xmax>
			<ymax>203</ymax>
		</bndbox>
	</object>
	<object>
		<name>pet bottle</name>
		<pose>Unspecified</pose>
		<truncated>0</truncated>
		<difficult>0</difficult>
		<bndbox>
			<xmin>81</xmin>
			<ymin>25</ymin>
			<xmax>142</xmax>
			<ymax>200</ymax>
		</bndbox>
	</object>
	<object>
		<name>pet bottle</name>
		<pose>Unspecified</pose>
		<truncated>0</truncated>
		<difficult>0</difficult>
		<bndbox>
			<xmin>145</xmin>
			<ymin>61</ymin>
			<xmax>201</xmax>
			<ymax>203</ymax>
		</bndbox>
	</object>
</annotation>
