<annotation>
	<folder>images</folder>
	<filename>images (44).jpg</filename>
	<path>C:\Users\ASUS\Desktop\training set\images\images (44).jpg</path>
	<source>
		<database>Unknown</database>
	</source>
	<size>
		<width>225</width>
		<height>225</height>
		<depth>3</depth>
	</size>
	<segmented>0</segmented>
	<object>
		<name>pet bottle</name>
		<pose>Unspecified</pose>
		<truncated>1</truncated>
		<difficult>0</difficult>
		<bndbox>
			<xmin>74</xmin>
			<ymin>2</ymin>
			<xmax>155</xmax>
			<ymax>225</ymax>
		</bndbox>
	</object>
</annotation>
