<annotation>
	<folder>images</folder>
	<filename>images (74).jpg</filename>
	<path>C:\Users\ASUS\Desktop\training set\images\images (74).jpg</path>
	<source>
		<database>Unknown</database>
	</source>
	<size>
		<width>318</width>
		<height>159</height>
		<depth>3</depth>
	</size>
	<segmented>0</segmented>
	<object>
		<name>pet bottle</name>
		<pose>Unspecified</pose>
		<truncated>1</truncated>
		<difficult>0</difficult>
		<bndbox>
			<xmin>13</xmin>
			<ymin>2</ymin>
			<xmax>70</xmax>
			<ymax>159</ymax>
		</bndbox>
	</object>
	<object>
		<name>pet bottle</name>
		<pose>Unspecified</pose>
		<truncated>1</truncated>
		<difficult>0</difficult>
		<bndbox>
			<xmin>69</xmin>
			<ymin>1</ymin>
			<xmax>129</xmax>
			<ymax>159</ymax>
		</bndbox>
	</object>
	<object>
		<name>pet bottle</name>
		<pose>Unspecified</pose>
		<truncated>1</truncated>
		<difficult>0</difficult>
		<bndbox>
			<xmin>127</xmin>
			<ymin>1</ymin>
			<xmax>191</xmax>
			<ymax>159</ymax>
		</bndbox>
	</object>
	<object>
		<name>pet bottle</name>
		<pose>Unspecified</pose>
		<truncated>1</truncated>
		<difficult>0</difficult>
		<bndbox>
			<xmin>188</xmin>
			<ymin>1</ymin>
			<xmax>248</xmax>
			<ymax>155</ymax>
		</bndbox>
	</object>
	<object>
		<name>pet bottle</name>
		<pose>Unspecified</pose>
		<truncated>0</truncated>
		<difficult>0</difficult>
		<bndbox>
			<xmin>248</xmin>
			<ymin>2</ymin>
			<xmax>306</xmax>
			<ymax>157</ymax>
		</bndbox>
	</object>
</annotation>
