<annotation>
	<folder>images</folder>
	<filename>images (70).jpg</filename>
	<path>C:\Users\ASUS\Desktop\training set\images\images (70).jpg</path>
	<source>
		<database>Unknown</database>
	</source>
	<size>
		<width>218</width>
		<height>231</height>
		<depth>3</depth>
	</size>
	<segmented>0</segmented>
	<object>
		<name>pet bottle</name>
		<pose>Unspecified</pose>
		<truncated>0</truncated>
		<difficult>0</difficult>
		<bndbox>
			<xmin>101</xmin>
			<ymin>11</ymin>
			<xmax>170</xmax>
			<ymax>223</ymax>
		</bndbox>
	</object>
</annotation>
