<annotation>
	<folder>images</folder>
	<filename>images (77).jpg</filename>
	<path>C:\Users\ASUS\Desktop\training set\images\images (77).jpg</path>
	<source>
		<database>Unknown</database>
	</source>
	<size>
		<width>259</width>
		<height>194</height>
		<depth>3</depth>
	</size>
	<segmented>0</segmented>
	<object>
		<name>pet bottle</name>
		<pose>Unspecified</pose>
		<truncated>1</truncated>
		<difficult>0</difficult>
		<bndbox>
			<xmin>9</xmin>
			<ymin>6</ymin>
			<xmax>76</xmax>
			<ymax>194</ymax>
		</bndbox>
	</object>
	<object>
		<name>pet bottle</name>
		<pose>Unspecified</pose>
		<truncated>0</truncated>
		<difficult>0</difficult>
		<bndbox>
			<xmin>97</xmin>
			<ymin>4</ymin>
			<xmax>167</xmax>
			<ymax>192</ymax>
		</bndbox>
	</object>
	<object>
		<name>pet bottle</name>
		<pose>Unspecified</pose>
		<truncated>0</truncated>
		<difficult>0</difficult>
		<bndbox>
			<xmin>175</xmin>
			<ymin>8</ymin>
			<xmax>245</xmax>
			<ymax>190</ymax>
		</bndbox>
	</object>
</annotation>
