<annotation>
	<folder>images</folder>
	<filename>images (86).jpg</filename>
	<path>C:\Users\ASUS\Desktop\training set\images\images (86).jpg</path>
	<source>
		<database>Unknown</database>
	</source>
	<size>
		<width>299</width>
		<height>168</height>
		<depth>3</depth>
	</size>
	<segmented>0</segmented>
	<object>
		<name>pet bottle</name>
		<pose>Unspecified</pose>
		<truncated>0</truncated>
		<difficult>0</difficult>
		<bndbox>
			<xmin>74</xmin>
			<ymin>14</ymin>
			<xmax>126</xmax>
			<ymax>167</ymax>
		</bndbox>
	</object>
	<object>
		<name>pet bottle</name>
		<pose>Unspecified</pose>
		<truncated>1</truncated>
		<difficult>0</difficult>
		<bndbox>
			<xmin>124</xmin>
			<ymin>13</ymin>
			<xmax>182</xmax>
			<ymax>168</ymax>
		</bndbox>
	</object>
	<object>
		<name>pet bottle</name>
		<pose>Unspecified</pose>
		<truncated>0</truncated>
		<difficult>0</difficult>
		<bndbox>
			<xmin>178</xmin>
			<ymin>11</ymin>
			<xmax>236</xmax>
			<ymax>167</ymax>
		</bndbox>
	</object>
</annotation>
