<annotation>
	<folder>images</folder>
	<filename>images (84).jpg</filename>
	<path>C:\Users\ASUS\Desktop\training set\images\images (84).jpg</path>
	<source>
		<database>Unknown</database>
	</source>
	<size>
		<width>297</width>
		<height>170</height>
		<depth>3</depth>
	</size>
	<segmented>0</segmented>
	<object>
		<name>pet bottle</name>
		<pose>Unspecified</pose>
		<truncated>1</truncated>
		<difficult>0</difficult>
		<bndbox>
			<xmin>1</xmin>
			<ymin>71</ymin>
			<xmax>28</xmax>
			<ymax>147</ymax>
		</bndbox>
	</object>
	<object>
		<name>pet bottle</name>
		<pose>Unspecified</pose>
		<truncated>0</truncated>
		<difficult>0</difficult>
		<bndbox>
			<xmin>23</xmin>
			<ymin>59</ymin>
			<xmax>54</xmax>
			<ymax>144</ymax>
		</bndbox>
	</object>
	<object>
		<name>pet bottle</name>
		<pose>Unspecified</pose>
		<truncated>0</truncated>
		<difficult>0</difficult>
		<bndbox>
			<xmin>51</xmin>
			<ymin>26</ymin>
			<xmax>77</xmax>
			<ymax>146</ymax>
		</bndbox>
	</object>
</annotation>
