<annotation>
	<folder>images</folder>
	<filename>images - 2020-01-13T024309.753.jpg</filename>
	<path>C:\Users\ASUS\Desktop\training set\images\images - 2020-01-13T024309.753.jpg</path>
	<source>
		<database>Unknown</database>
	</source>
	<size>
		<width>234</width>
		<height>215</height>
		<depth>3</depth>
	</size>
	<segmented>0</segmented>
	<object>
		<name>pet bottle</name>
		<pose>Unspecified</pose>
		<truncated>1</truncated>
		<difficult>0</difficult>
		<bndbox>
			<xmin>35</xmin>
			<ymin>19</ymin>
			<xmax>103</xmax>
			<ymax>215</ymax>
		</bndbox>
	</object>
	<object>
		<name>pet bottle</name>
		<pose>Unspecified</pose>
		<truncated>0</truncated>
		<difficult>0</difficult>
		<bndbox>
			<xmin>132</xmin>
			<ymin>5</ymin>
			<xmax>208</xmax>
			<ymax>207</ymax>
		</bndbox>
	</object>
</annotation>
