<annotation>
	<folder>images</folder>
	<filename>images (46).jpg</filename>
	<path>C:\Users\ASUS\Desktop\training set\images\images (46).jpg</path>
	<source>
		<database>Unknown</database>
	</source>
	<size>
		<width>247</width>
		<height>204</height>
		<depth>3</depth>
	</size>
	<segmented>0</segmented>
	<object>
		<name>pet bottle</name>
		<pose>Unspecified</pose>
		<truncated>1</truncated>
		<difficult>0</difficult>
		<bndbox>
			<xmin>2</xmin>
			<ymin>1</ymin>
			<xmax>63</xmax>
			<ymax>204</ymax>
		</bndbox>
	</object>
	<object>
		<name>pet bottle</name>
		<pose>Unspecified</pose>
		<truncated>1</truncated>
		<difficult>0</difficult>
		<bndbox>
			<xmin>62</xmin>
			<ymin>1</ymin>
			<xmax>127</xmax>
			<ymax>204</ymax>
		</bndbox>
	</object>
	<object>
		<name>pet bottle</name>
		<pose>Unspecified</pose>
		<truncated>1</truncated>
		<difficult>0</difficult>
		<bndbox>
			<xmin>126</xmin>
			<ymin>1</ymin>
			<xmax>189</xmax>
			<ymax>204</ymax>
		</bndbox>
	</object>
	<object>
		<name>pet bottle</name>
		<pose>Unspecified</pose>
		<truncated>1</truncated>
		<difficult>0</difficult>
		<bndbox>
			<xmin>188</xmin>
			<ymin>1</ymin>
			<xmax>245</xmax>
			<ymax>204</ymax>
		</bndbox>
	</object>
</annotation>
