<annotation>
	<folder>images</folder>
	<filename>images (71).jpg</filename>
	<path>C:\Users\ASUS\Desktop\training set\images\images (71).jpg</path>
	<source>
		<database>Unknown</database>
	</source>
	<size>
		<width>192</width>
		<height>262</height>
		<depth>3</depth>
	</size>
	<segmented>0</segmented>
	<object>
		<name>pet bottle</name>
		<pose>Unspecified</pose>
		<truncated>0</truncated>
		<difficult>0</difficult>
		<bndbox>
			<xmin>52</xmin>
			<ymin>5</ymin>
			<xmax>141</xmax>
			<ymax>252</ymax>
		</bndbox>
	</object>
</annotation>
