<annotation>
	<folder>images</folder>
	<filename>images (39).jpg</filename>
	<path>C:\Users\ASUS\Desktop\training set\images\images (39).jpg</path>
	<source>
		<database>Unknown</database>
	</source>
	<size>
		<width>259</width>
		<height>194</height>
		<depth>3</depth>
	</size>
	<segmented>0</segmented>
	<object>
		<name>pet bottle</name>
		<pose>Unspecified</pose>
		<truncated>1</truncated>
		<difficult>0</difficult>
		<bndbox>
			<xmin>94</xmin>
			<ymin>1</ymin>
			<xmax>169</xmax>
			<ymax>194</ymax>
		</bndbox>
	</object>
</annotation>
