<annotation>
	<folder>images</folder>
	<filename>images (19).jpg</filename>
	<path>C:\Users\ASUS\Desktop\training set\images\images (19).jpg</path>
	<source>
		<database>Unknown</database>
	</source>
	<size>
		<width>222</width>
		<height>227</height>
		<depth>3</depth>
	</size>
	<segmented>0</segmented>
	<object>
		<name>pet bottle</name>
		<pose>Unspecified</pose>
		<truncated>0</truncated>
		<difficult>0</difficult>
		<bndbox>
			<xmin>37</xmin>
			<ymin>5</ymin>
			<xmax>95</xmax>
			<ymax>220</ymax>
		</bndbox>
	</object>
	<object>
		<name>pet bottle</name>
		<pose>Unspecified</pose>
		<truncated>1</truncated>
		<difficult>0</difficult>
		<bndbox>
			<xmin>78</xmin>
			<ymin>6</ymin>
			<xmax>145</xmax>
			<ymax>227</ymax>
		</bndbox>
	</object>
	<object>
		<name>pet bottle</name>
		<pose>Unspecified</pose>
		<truncated>0</truncated>
		<difficult>0</difficult>
		<bndbox>
			<xmin>127</xmin>
			<ymin>5</ymin>
			<xmax>191</xmax>
			<ymax>216</ymax>
		</bndbox>
	</object>
</annotation>
