<annotation>
	<folder>images</folder>
	<filename>images (45).jpg</filename>
	<path>C:\Users\ASUS\Desktop\training set\images\images (45).jpg</path>
	<source>
		<database>Unknown</database>
	</source>
	<size>
		<width>275</width>
		<height>183</height>
		<depth>3</depth>
	</size>
	<segmented>0</segmented>
	<object>
		<name>pet bottle</name>
		<pose>Unspecified</pose>
		<truncated>0</truncated>
		<difficult>0</difficult>
		<bndbox>
			<xmin>151</xmin>
			<ymin>2</ymin>
			<xmax>210</xmax>
			<ymax>180</ymax>
		</bndbox>
	</object>
	<object>
		<name>pet bottle</name>
		<pose>Unspecified</pose>
		<truncated>0</truncated>
		<difficult>0</difficult>
		<bndbox>
			<xmin>207</xmin>
			<ymin>3</ymin>
			<xmax>269</xmax>
			<ymax>180</ymax>
		</bndbox>
	</object>
</annotation>
