<annotation>
	<folder>images</folder>
	<filename>images - 2020-01-13T025306.159.jpg</filename>
	<path>C:\Users\ASUS\Desktop\training set\images\images - 2020-01-13T025306.159.jpg</path>
	<source>
		<database>Unknown</database>
	</source>
	<size>
		<width>201</width>
		<height>251</height>
		<depth>1</depth>
	</size>
	<segmented>0</segmented>
	<object>
		<name>pet bottle</name>
		<pose>Unspecified</pose>
		<truncated>1</truncated>
		<difficult>0</difficult>
		<bndbox>
			<xmin>51</xmin>
			<ymin>7</ymin>
			<xmax>149</xmax>
			<ymax>251</ymax>
		</bndbox>
	</object>
</annotation>
