<annotation>
	<folder>images</folder>
	<filename>images (57).jpg</filename>
	<path>C:\Users\ASUS\Desktop\training set\images\images (57).jpg</path>
	<source>
		<database>Unknown</database>
	</source>
	<size>
		<width>168</width>
		<height>300</height>
		<depth>3</depth>
	</size>
	<segmented>0</segmented>
	<object>
		<name>pet bottle</name>
		<pose>Unspecified</pose>
		<truncated>0</truncated>
		<difficult>0</difficult>
		<bndbox>
			<xmin>38</xmin>
			<ymin>17</ymin>
			<xmax>133</xmax>
			<ymax>287</ymax>
		</bndbox>
	</object>
</annotation>
