<annotation>
	<folder>images</folder>
	<filename>images - 2020-01-13T072559.010.jpg</filename>
	<path>C:\Users\ASUS\Desktop\training set\images\images - 2020-01-13T072559.010.jpg</path>
	<source>
		<database>Unknown</database>
	</source>
	<size>
		<width>183</width>
		<height>276</height>
		<depth>1</depth>
	</size>
	<segmented>0</segmented>
	<object>
		<name>pet bottle</name>
		<pose>Unspecified</pose>
		<truncated>1</truncated>
		<difficult>0</difficult>
		<bndbox>
			<xmin>3</xmin>
			<ymin>9</ymin>
			<xmax>100</xmax>
			<ymax>276</ymax>
		</bndbox>
	</object>
	<object>
		<name>pet bottle</name>
		<pose>Unspecified</pose>
		<truncated>0</truncated>
		<difficult>0</difficult>
		<bndbox>
			<xmin>97</xmin>
			<ymin>51</ymin>
			<xmax>180</xmax>
			<ymax>273</ymax>
		</bndbox>
	</object>
</annotation>
