<annotation>
	<folder>images</folder>
	<filename>images (22).jpg</filename>
	<path>C:\Users\ASUS\Desktop\training set\images\images (22).jpg</path>
	<source>
		<database>Unknown</database>
	</source>
	<size>
		<width>201</width>
		<height>250</height>
		<depth>3</depth>
	</size>
	<segmented>0</segmented>
	<object>
		<name>pet bottle</name>
		<pose>Unspecified</pose>
		<truncated>1</truncated>
		<difficult>0</difficult>
		<bndbox>
			<xmin>77</xmin>
			<ymin>1</ymin>
			<xmax>180</xmax>
			<ymax>250</ymax>
		</bndbox>
	</object>
	<object>
		<name>pet bottle</name>
		<pose>Unspecified</pose>
		<truncated>1</truncated>
		<difficult>0</difficult>
		<bndbox>
			<xmin>1</xmin>
			<ymin>51</ymin>
			<xmax>115</xmax>
			<ymax>250</ymax>
		</bndbox>
	</object>
</annotation>
