<annotation>
	<folder>images</folder>
	<filename>images (32).jpg</filename>
	<path>C:\Users\ASUS\Desktop\training set\images\images (32).jpg</path>
	<source>
		<database>Unknown</database>
	</source>
	<size>
		<width>218</width>
		<height>231</height>
		<depth>3</depth>
	</size>
	<segmented>0</segmented>
	<object>
		<name>pet bottle</name>
		<pose>Unspecified</pose>
		<truncated>0</truncated>
		<difficult>0</difficult>
		<bndbox>
			<xmin>104</xmin>
			<ymin>15</ymin>
			<xmax>179</xmax>
			<ymax>230</ymax>
		</bndbox>
	</object>
</annotation>
