<annotation>
	<folder>images</folder>
	<filename>images - 2020-01-13T024323.901.jpg</filename>
	<path>C:\Users\ASUS\Desktop\training set\images\images - 2020-01-13T024323.901.jpg</path>
	<source>
		<database>Unknown</database>
	</source>
	<size>
		<width>220</width>
		<height>188</height>
		<depth>3</depth>
	</size>
	<segmented>0</segmented>
	<object>
		<name>pet bottle</name>
		<pose>Unspecified</pose>
		<truncated>0</truncated>
		<difficult>0</difficult>
		<bndbox>
			<xmin>8</xmin>
			<ymin>5</ymin>
			<xmax>64</xmax>
			<ymax>184</ymax>
		</bndbox>
	</object>
	<object>
		<name>pet bottle</name>
		<pose>Unspecified</pose>
		<truncated>1</truncated>
		<difficult>0</difficult>
		<bndbox>
			<xmin>78</xmin>
			<ymin>5</ymin>
			<xmax>141</xmax>
			<ymax>188</ymax>
		</bndbox>
	</object>
	<object>
		<name>pet bottle</name>
		<pose>Unspecified</pose>
		<truncated>0</truncated>
		<difficult>0</difficult>
		<bndbox>
			<xmin>153</xmin>
			<ymin>5</ymin>
			<xmax>209</xmax>
			<ymax>186</ymax>
		</bndbox>
	</object>
</annotation>
