<annotation>
	<folder>images</folder>
	<filename>images (8).jpg</filename>
	<path>C:\Users\ASUS\Desktop\training set\images\images (8).jpg</path>
	<source>
		<database>Unknown</database>
	</source>
	<size>
		<width>202</width>
		<height>249</height>
		<depth>3</depth>
	</size>
	<segmented>0</segmented>
	<object>
		<name>pet bottle</name>
		<pose>Unspecified</pose>
		<truncated>0</truncated>
		<difficult>0</difficult>
		<bndbox>
			<xmin>20</xmin>
			<ymin>9</ymin>
			<xmax>82</xmax>
			<ymax>234</ymax>
		</bndbox>
	</object>
	<object>
		<name>pet bottle</name>
		<pose>Unspecified</pose>
		<truncated>0</truncated>
		<difficult>0</difficult>
		<bndbox>
			<xmin>68</xmin>
			<ymin>5</ymin>
			<xmax>136</xmax>
			<ymax>233</ymax>
		</bndbox>
	</object>
	<object>
		<name>pet bottle</name>
		<pose>Unspecified</pose>
		<truncated>0</truncated>
		<difficult>0</difficult>
		<bndbox>
			<xmin>122</xmin>
			<ymin>3</ymin>
			<xmax>180</xmax>
			<ymax>220</ymax>
		</bndbox>
	</object>
</annotation>
