<annotation>
	<folder>images</folder>
	<filename>images (31).jpg</filename>
	<path>C:\Users\ASUS\Desktop\training set\images\images (31).jpg</path>
	<source>
		<database>Unknown</database>
	</source>
	<size>
		<width>275</width>
		<height>183</height>
		<depth>3</depth>
	</size>
	<segmented>0</segmented>
	<object>
		<name>pet bottle</name>
		<pose>Unspecified</pose>
		<truncated>0</truncated>
		<difficult>0</difficult>
		<bndbox>
			<xmin>57</xmin>
			<ymin>3</ymin>
			<xmax>131</xmax>
			<ymax>181</ymax>
		</bndbox>
	</object>
	<object>
		<name>pet bottle</name>
		<pose>Unspecified</pose>
		<truncated>0</truncated>
		<difficult>0</difficult>
		<bndbox>
			<xmin>170</xmin>
			<ymin>10</ymin>
			<xmax>251</xmax>
			<ymax>176</ymax>
		</bndbox>
	</object>
</annotation>
