<annotation>
	<folder>images</folder>
	<filename>images (96).jpg</filename>
	<path>C:\Users\ASUS\Desktop\training set\images\images (96).jpg</path>
	<source>
		<database>Unknown</database>
	</source>
	<size>
		<width>225</width>
		<height>225</height>
		<depth>3</depth>
	</size>
	<segmented>0</segmented>
	<object>
		<name>pet bottle</name>
		<pose>Unspecified</pose>
		<truncated>1</truncated>
		<difficult>0</difficult>
		<bndbox>
			<xmin>28</xmin>
			<ymin>53</ymin>
			<xmax>82</xmax>
			<ymax>225</ymax>
		</bndbox>
	</object>
	<object>
		<name>pet bottle</name>
		<pose>Unspecified</pose>
		<truncated>0</truncated>
		<difficult>0</difficult>
		<bndbox>
			<xmin>81</xmin>
			<ymin>6</ymin>
			<xmax>153</xmax>
			<ymax>218</ymax>
		</bndbox>
	</object>
	<object>
		<name>pet bottle</name>
		<pose>Unspecified</pose>
		<truncated>0</truncated>
		<difficult>0</difficult>
		<bndbox>
			<xmin>151</xmin>
			<ymin>23</ymin>
			<xmax>203</xmax>
			<ymax>217</ymax>
		</bndbox>
	</object>
</annotation>
