<annotation>
	<folder>images</folder>
	<filename>images (13).jpg</filename>
	<path>C:\Users\ASUS\Desktop\training set\images\images (13).jpg</path>
	<source>
		<database>Unknown</database>
	</source>
	<size>
		<width>275</width>
		<height>183</height>
		<depth>3</depth>
	</size>
	<segmented>0</segmented>
	<object>
		<name>pet bottle</name>
		<pose>Unspecified</pose>
		<truncated>0</truncated>
		<difficult>0</difficult>
		<bndbox>
			<xmin>105</xmin>
			<ymin>8</ymin>
			<xmax>175</xmax>
			<ymax>179</ymax>
		</bndbox>
	</object>
</annotation>
