<annotation>
	<folder>images</folder>
	<filename>images (18).jpg</filename>
	<path>C:\Users\ASUS\Desktop\training set\images\images (18).jpg</path>
	<source>
		<database>Unknown</database>
	</source>
	<size>
		<width>225</width>
		<height>225</height>
		<depth>3</depth>
	</size>
	<segmented>0</segmented>
	<object>
		<name>pet bottle</name>
		<pose>Unspecified</pose>
		<truncated>0</truncated>
		<difficult>0</difficult>
		<bndbox>
			<xmin>30</xmin>
			<ymin>5</ymin>
			<xmax>97</xmax>
			<ymax>214</ymax>
		</bndbox>
	</object>
	<object>
		<name>pet bottle</name>
		<pose>Unspecified</pose>
		<truncated>0</truncated>
		<difficult>0</difficult>
		<bndbox>
			<xmin>80</xmin>
			<ymin>11</ymin>
			<xmax>150</xmax>
			<ymax>223</ymax>
		</bndbox>
	</object>
	<object>
		<name>pet bottle</name>
		<pose>Unspecified</pose>
		<truncated>0</truncated>
		<difficult>0</difficult>
		<bndbox>
			<xmin>134</xmin>
			<ymin>5</ymin>
			<xmax>200</xmax>
			<ymax>210</ymax>
		</bndbox>
	</object>
</annotation>
