<annotation>
	<folder>images</folder>
	<filename>images (51).jpg</filename>
	<path>C:\Users\ASUS\Desktop\training set\images\images (51).jpg</path>
	<source>
		<database>Unknown</database>
	</source>
	<size>
		<width>280</width>
		<height>180</height>
		<depth>3</depth>
	</size>
	<segmented>0</segmented>
	<object>
		<name>pet bottle</name>
		<pose>Unspecified</pose>
		<truncated>0</truncated>
		<difficult>0</difficult>
		<bndbox>
			<xmin>102</xmin>
			<ymin>10</ymin>
			<xmax>166</xmax>
			<ymax>167</ymax>
		</bndbox>
	</object>
</annotation>
