<annotation>
	<folder>images</folder>
	<filename>images (50).jpg</filename>
	<path>C:\Users\ASUS\Desktop\training set\images\images (50).jpg</path>
	<source>
		<database>Unknown</database>
	</source>
	<size>
		<width>300</width>
		<height>168</height>
		<depth>3</depth>
	</size>
	<segmented>0</segmented>
	<object>
		<name>pet bottle</name>
		<pose>Unspecified</pose>
		<truncated>1</truncated>
		<difficult>0</difficult>
		<bndbox>
			<xmin>66</xmin>
			<ymin>8</ymin>
			<xmax>128</xmax>
			<ymax>168</ymax>
		</bndbox>
	</object>
</annotation>
