<annotation>
	<folder>images</folder>
	<filename>images - 2020-01-13T025245.274.jpg</filename>
	<path>C:\Users\ASUS\Desktop\training set\images\images - 2020-01-13T025245.274.jpg</path>
	<source>
		<database>Unknown</database>
	</source>
	<size>
		<width>223</width>
		<height>226</height>
		<depth>3</depth>
	</size>
	<segmented>0</segmented>
	<object>
		<name>pet bottle</name>
		<pose>Unspecified</pose>
		<truncated>1</truncated>
		<difficult>0</difficult>
		<bndbox>
			<xmin>1</xmin>
			<ymin>2</ymin>
			<xmax>72</xmax>
			<ymax>226</ymax>
		</bndbox>
	</object>
	<object>
		<name>pet bottle</name>
		<pose>Unspecified</pose>
		<truncated>1</truncated>
		<difficult>0</difficult>
		<bndbox>
			<xmin>76</xmin>
			<ymin>1</ymin>
			<xmax>149</xmax>
			<ymax>226</ymax>
		</bndbox>
	</object>
	<object>
		<name>pet bottle</name>
		<pose>Unspecified</pose>
		<truncated>1</truncated>
		<difficult>0</difficult>
		<bndbox>
			<xmin>150</xmin>
			<ymin>1</ymin>
			<xmax>222</xmax>
			<ymax>226</ymax>
		</bndbox>
	</object>
</annotation>
