<annotation>
	<folder>images</folder>
	<filename>images (35).jpg</filename>
	<path>C:\Users\ASUS\Desktop\training set\images\images (35).jpg</path>
	<source>
		<database>Unknown</database>
	</source>
	<size>
		<width>275</width>
		<height>183</height>
		<depth>3</depth>
	</size>
	<segmented>0</segmented>
	<object>
		<name>pet bottle</name>
		<pose>Unspecified</pose>
		<truncated>1</truncated>
		<difficult>0</difficult>
		<bndbox>
			<xmin>56</xmin>
			<ymin>8</ymin>
			<xmax>135</xmax>
			<ymax>183</ymax>
		</bndbox>
	</object>
	<object>
		<name>pet bottle</name>
		<pose>Unspecified</pose>
		<truncated>0</truncated>
		<difficult>0</difficult>
		<bndbox>
			<xmin>167</xmin>
			<ymin>12</ymin>
			<xmax>254</xmax>
			<ymax>174</ymax>
		</bndbox>
	</object>
</annotation>
