<annotation>
	<folder>images</folder>
	<filename>images (94).jpg</filename>
	<path>C:\Users\ASUS\Desktop\training set\images\images (94).jpg</path>
	<source>
		<database>Unknown</database>
	</source>
	<size>
		<width>308</width>
		<height>164</height>
		<depth>3</depth>
	</size>
	<segmented>0</segmented>
	<object>
		<name>pet bottle</name>
		<pose>Unspecified</pose>
		<truncated>0</truncated>
		<difficult>0</difficult>
		<bndbox>
			<xmin>7</xmin>
			<ymin>11</ymin>
			<xmax>55</xmax>
			<ymax>157</ymax>
		</bndbox>
	</object>
	<object>
		<name>pet bottle</name>
		<pose>Unspecified</pose>
		<truncated>1</truncated>
		<difficult>0</difficult>
		<bndbox>
			<xmin>55</xmin>
			<ymin>1</ymin>
			<xmax>109</xmax>
			<ymax>155</ymax>
		</bndbox>
	</object>
	<object>
		<name>pet bottle</name>
		<pose>Unspecified</pose>
		<truncated>0</truncated>
		<difficult>0</difficult>
		<bndbox>
			<xmin>105</xmin>
			<ymin>4</ymin>
			<xmax>155</xmax>
			<ymax>157</ymax>
		</bndbox>
	</object>
	<object>
		<name>pet bottle</name>
		<pose>Unspecified</pose>
		<truncated>0</truncated>
		<difficult>0</difficult>
		<bndbox>
			<xmin>153</xmin>
			<ymin>14</ymin>
			<xmax>200</xmax>
			<ymax>159</ymax>
		</bndbox>
	</object>
	<object>
		<name>pet bottle</name>
		<pose>Unspecified</pose>
		<truncated>0</truncated>
		<difficult>0</difficult>
		<bndbox>
			<xmin>200</xmin>
			<ymin>5</ymin>
			<xmax>256</xmax>
			<ymax>155</ymax>
		</bndbox>
	</object>
	<object>
		<name>pet bottle</name>
		<pose>Unspecified</pose>
		<truncated>0</truncated>
		<difficult>0</difficult>
		<bndbox>
			<xmin>253</xmin>
			<ymin>2</ymin>
			<xmax>304</xmax>
			<ymax>150</ymax>
		</bndbox>
	</object>
</annotation>
