<annotation>
	<folder>images</folder>
	<filename>images (95).jpg</filename>
	<path>C:\Users\ASUS\Desktop\training set\images\images (95).jpg</path>
	<source>
		<database>Unknown</database>
	</source>
	<size>
		<width>224</width>
		<height>224</height>
		<depth>3</depth>
	</size>
	<segmented>0</segmented>
	<object>
		<name>pet bottle</name>
		<pose>Unspecified</pose>
		<truncated>1</truncated>
		<difficult>0</difficult>
		<bndbox>
			<xmin>72</xmin>
			<ymin>9</ymin>
			<xmax>154</xmax>
			<ymax>224</ymax>
		</bndbox>
	</object>
</annotation>
