<annotation>
	<folder>images</folder>
	<filename>images (93).jpg</filename>
	<path>C:\Users\ASUS\Desktop\training set\images\images (93).jpg</path>
	<source>
		<database>Unknown</database>
	</source>
	<size>
		<width>210</width>
		<height>240</height>
		<depth>1</depth>
	</size>
	<segmented>0</segmented>
	<object>
		<name>pet bottle</name>
		<pose>Unspecified</pose>
		<truncated>0</truncated>
		<difficult>0</difficult>
		<bndbox>
			<xmin>47</xmin>
			<ymin>15</ymin>
			<xmax>110</xmax>
			<ymax>232</ymax>
		</bndbox>
	</object>
	<object>
		<name>pet bottle</name>
		<pose>Unspecified</pose>
		<truncated>0</truncated>
		<difficult>0</difficult>
		<bndbox>
			<xmin>108</xmin>
			<ymin>28</ymin>
			<xmax>163</xmax>
			<ymax>225</ymax>
		</bndbox>
	</object>
</annotation>
