<annotation>
	<folder>images</folder>
	<filename>images (40).jpg</filename>
	<path>C:\Users\ASUS\Desktop\training set\images\images (40).jpg</path>
	<source>
		<database>Unknown</database>
	</source>
	<size>
		<width>247</width>
		<height>204</height>
		<depth>3</depth>
	</size>
	<segmented>0</segmented>
	<object>
		<name>pet bottle</name>
		<pose>Unspecified</pose>
		<truncated>1</truncated>
		<difficult>0</difficult>
		<bndbox>
			<xmin>3</xmin>
			<ymin>1</ymin>
			<xmax>63</xmax>
			<ymax>204</ymax>
		</bndbox>
	</object>
	<object>
		<name>pet bottle</name>
		<pose>Unspecified</pose>
		<truncated>1</truncated>
		<difficult>0</difficult>
		<bndbox>
			<xmin>66</xmin>
			<ymin>1</ymin>
			<xmax>123</xmax>
			<ymax>202</ymax>
		</bndbox>
	</object>
	<object>
		<name>pet bottle</name>
		<pose>Unspecified</pose>
		<truncated>1</truncated>
		<difficult>0</difficult>
		<bndbox>
			<xmin>127</xmin>
			<ymin>1</ymin>
			<xmax>188</xmax>
			<ymax>204</ymax>
		</bndbox>
	</object>
	<object>
		<name>pet bottle</name>
		<pose>Unspecified</pose>
		<truncated>1</truncated>
		<difficult>0</difficult>
		<bndbox>
			<xmin>188</xmin>
			<ymin>1</ymin>
			<xmax>242</xmax>
			<ymax>201</ymax>
		</bndbox>
	</object>
</annotation>
