<annotation>
	<folder>images</folder>
	<filename>images (3).jpg</filename>
	<path>C:\Users\ASUS\Desktop\training set\images\images (3).jpg</path>
	<source>
		<database>Unknown</database>
	</source>
	<size>
		<width>91</width>
		<height>213</height>
		<depth>3</depth>
	</size>
	<segmented>0</segmented>
	<object>
		<name>pet bottle</name>
		<pose>Unspecified</pose>
		<truncated>0</truncated>
		<difficult>0</difficult>
		<bndbox>
			<xmin>11</xmin>
			<ymin>9</ymin>
			<xmax>74</xmax>
			<ymax>209</ymax>
		</bndbox>
	</object>
</annotation>
