<annotation>
	<folder>images</folder>
	<filename>images (89).jpg</filename>
	<path>C:\Users\ASUS\Desktop\training set\images\images (89).jpg</path>
	<source>
		<database>Unknown</database>
	</source>
	<size>
		<width>281</width>
		<height>179</height>
		<depth>3</depth>
	</size>
	<segmented>0</segmented>
	<object>
		<name>pet bottle</name>
		<pose>Unspecified</pose>
		<truncated>0</truncated>
		<difficult>0</difficult>
		<bndbox>
			<xmin>65</xmin>
			<ymin>24</ymin>
			<xmax>111</xmax>
			<ymax>168</ymax>
		</bndbox>
	</object>
	<object>
		<name>pet bottle</name>
		<pose>Unspecified</pose>
		<truncated>0</truncated>
		<difficult>0</difficult>
		<bndbox>
			<xmin>98</xmin>
			<ymin>9</ymin>
			<xmax>148</xmax>
			<ymax>172</ymax>
		</bndbox>
	</object>
	<object>
		<name>pet bottle</name>
		<pose>Unspecified</pose>
		<truncated>0</truncated>
		<difficult>0</difficult>
		<bndbox>
			<xmin>140</xmin>
			<ymin>27</ymin>
			<xmax>180</xmax>
			<ymax>165</ymax>
		</bndbox>
	</object>
</annotation>
