<annotation>
	<folder>images</folder>
	<filename>images (42).jpg</filename>
	<path>C:\Users\ASUS\Desktop\training set\images\images (42).jpg</path>
	<source>
		<database>Unknown</database>
	</source>
	<size>
		<width>297</width>
		<height>170</height>
		<depth>3</depth>
	</size>
	<segmented>0</segmented>
	<object>
		<name>pet bottle</name>
		<pose>Unspecified</pose>
		<truncated>1</truncated>
		<difficult>0</difficult>
		<bndbox>
			<xmin>1</xmin>
			<ymin>66</ymin>
			<xmax>26</xmax>
			<ymax>140</ymax>
		</bndbox>
	</object>
	<object>
		<name>pet bottle</name>
		<pose>Unspecified</pose>
		<truncated>0</truncated>
		<difficult>0</difficult>
		<bndbox>
			<xmin>23</xmin>
			<ymin>55</ymin>
			<xmax>52</xmax>
			<ymax>149</ymax>
		</bndbox>
	</object>
	<object>
		<name>pet bottle</name>
		<pose>Unspecified</pose>
		<truncated>0</truncated>
		<difficult>0</difficult>
		<bndbox>
			<xmin>48</xmin>
			<ymin>35</ymin>
			<xmax>83</xmax>
			<ymax>146</ymax>
		</bndbox>
	</object>
</annotation>
