<annotation>
	<folder>images</folder>
	<filename>images - 2020-01-13T023852.340.jpg</filename>
	<path>C:\Users\ASUS\Desktop\training set\images\images - 2020-01-13T023852.340.jpg</path>
	<source>
		<database>Unknown</database>
	</source>
	<size>
		<width>290</width>
		<height>174</height>
		<depth>3</depth>
	</size>
	<segmented>0</segmented>
	<object>
		<name>pet bottle</name>
		<pose>Unspecified</pose>
		<truncated>1</truncated>
		<difficult>0</difficult>
		<bndbox>
			<xmin>111</xmin>
			<ymin>3</ymin>
			<xmax>176</xmax>
			<ymax>174</ymax>
		</bndbox>
	</object>
</annotation>
